--
-- PostgreSQL database dump
--

\restrict 37SgLsgFcKQLiU53p5SQdqWauSjW3xv9Uf189iKpU0zUjmCvuaaqnREPbRlmwaK

-- Dumped from database version 15.14 (Debian 15.14-1.pgdg12+1)
-- Dumped by pg_dump version 15.14 (Debian 15.14-1.pgdg12+1)

SET statement_timeout = 0;
SET lock_timeout = 0;
SET idle_in_transaction_session_timeout = 0;
SET client_encoding = 'UTF8';
SET standard_conforming_strings = on;
SELECT pg_catalog.set_config('search_path', '', false);
SET check_function_bodies = false;
SET xmloption = content;
SET client_min_messages = warning;
SET row_security = off;

--
-- Name: vector; Type: EXTENSION; Schema: -; Owner: -
--

CREATE EXTENSION IF NOT EXISTS vector WITH SCHEMA public;


--
-- Name: EXTENSION vector; Type: COMMENT; Schema: -; Owner: 
--

COMMENT ON EXTENSION vector IS 'vector data type and ivfflat and hnsw access methods';


SET default_tablespace = '';

SET default_table_access_method = heap;

--
-- Name: ai_assistant_documentchunk; Type: TABLE; Schema: public; Owner: postgres
--

CREATE TABLE public.ai_assistant_documentchunk (
    id bigint NOT NULL,
    chunk_index integer NOT NULL,
    content text NOT NULL,
    created_at timestamp with time zone,
    embedding public.vector(1024),
    page_number integer NOT NULL,
    uploaded_file_id bigint
);


ALTER TABLE public.ai_assistant_documentchunk OWNER TO postgres;

--
-- Name: ai_assistant_documentfile; Type: TABLE; Schema: public; Owner: postgres
--

CREATE TABLE public.ai_assistant_documentfile (
    id bigint NOT NULL,
    title character varying(255) NOT NULL,
    file character varying(100),
    filename character varying(255),
    document_type character varying(10) NOT NULL,
    description text,
    uploaded_at timestamp with time zone NOT NULL,
    page_count integer NOT NULL,
    file_size bigint NOT NULL,
    uploaded_by_id bigint
);


ALTER TABLE public.ai_assistant_documentfile OWNER TO postgres;

--
-- Name: ai_assistant_documentfile_id_seq; Type: SEQUENCE; Schema: public; Owner: postgres
--

ALTER TABLE public.ai_assistant_documentfile ALTER COLUMN id ADD GENERATED BY DEFAULT AS IDENTITY (
    SEQUENCE NAME public.ai_assistant_documentfile_id_seq
    START WITH 1
    INCREMENT BY 1
    NO MINVALUE
    NO MAXVALUE
    CACHE 1
);


--
-- Name: ai_assistant_knowledgeshare; Type: TABLE; Schema: public; Owner: postgres
--

CREATE TABLE public.ai_assistant_knowledgeshare (
    id bigint NOT NULL,
    enabled boolean NOT NULL,
    share_token character varying(64),
    created_at timestamp with time zone NOT NULL,
    created_by_id bigint
);


ALTER TABLE public.ai_assistant_knowledgeshare OWNER TO postgres;

--
-- Name: ai_assistant_pdfdocument; Type: TABLE; Schema: public; Owner: postgres
--

CREATE TABLE public.ai_assistant_pdfdocument (
    id bigint NOT NULL,
    title character varying(255) NOT NULL,
    filename character varying(255) NOT NULL,
    file character varying(100) NOT NULL,
    description text,
    uploaded_at timestamp with time zone NOT NULL,
    page_count integer NOT NULL,
    file_size bigint NOT NULL,
    uploaded_by_id bigint
);


ALTER TABLE public.ai_assistant_pdfdocument OWNER TO postgres;

--
-- Name: ai_assistant_pdfdocument_id_seq; Type: SEQUENCE; Schema: public; Owner: postgres
--

ALTER TABLE public.ai_assistant_pdfdocument ALTER COLUMN id ADD GENERATED BY DEFAULT AS IDENTITY (
    SEQUENCE NAME public.ai_assistant_pdfdocument_id_seq
    START WITH 1
    INCREMENT BY 1
    NO MINVALUE
    NO MAXVALUE
    CACHE 1
);


--
-- Name: ai_assistant_queryhistory; Type: TABLE; Schema: public; Owner: postgres
--

CREATE TABLE public.ai_assistant_queryhistory (
    id bigint NOT NULL,
    query text NOT NULL,
    response text NOT NULL,
    sources jsonb NOT NULL,
    query_type character varying(20) NOT NULL,
    created_at timestamp with time zone NOT NULL,
    user_id bigint
);


ALTER TABLE public.ai_assistant_queryhistory OWNER TO postgres;

--
-- Name: ai_assistant_queryhistory_id_seq; Type: SEQUENCE; Schema: public; Owner: postgres
--

ALTER TABLE public.ai_assistant_queryhistory ALTER COLUMN id ADD GENERATED BY DEFAULT AS IDENTITY (
    SEQUENCE NAME public.ai_assistant_queryhistory_id_seq
    START WITH 1
    INCREMENT BY 1
    NO MINVALUE
    NO MAXVALUE
    CACHE 1
);


--
-- Name: ai_assistant_uploadedfile; Type: TABLE; Schema: public; Owner: postgres
--

CREATE TABLE public.ai_assistant_uploadedfile (
    id bigint NOT NULL,
    filename character varying(255) NOT NULL,
    file_hash character varying(64) NOT NULL,
    uploaded_at timestamp with time zone NOT NULL,
    intro text,
    file_size bigint NOT NULL,
    page_count integer NOT NULL,
    uploaded_by_id bigint
);


ALTER TABLE public.ai_assistant_uploadedfile OWNER TO postgres;

--
-- Name: ai_assistant_uploadedfile_id_seq; Type: SEQUENCE; Schema: public; Owner: postgres
--

ALTER TABLE public.ai_assistant_uploadedfile ALTER COLUMN id ADD GENERATED BY DEFAULT AS IDENTITY (
    SEQUENCE NAME public.ai_assistant_uploadedfile_id_seq
    START WITH 1
    INCREMENT BY 1
    NO MINVALUE
    NO MAXVALUE
    CACHE 1
);


--
-- Name: ai_assistant_weblink; Type: TABLE; Schema: public; Owner: postgres
--

CREATE TABLE public.ai_assistant_weblink (
    id bigint NOT NULL,
    title character varying(255) NOT NULL,
    url character varying(200) NOT NULL,
    tags jsonb NOT NULL,
    created_at timestamp with time zone NOT NULL,
    updated_at timestamp with time zone NOT NULL,
    added_by_id bigint
);


ALTER TABLE public.ai_assistant_weblink OWNER TO postgres;

--
-- Name: ai_knowledge_share_id_seq; Type: SEQUENCE; Schema: public; Owner: postgres
--

ALTER TABLE public.ai_assistant_knowledgeshare ALTER COLUMN id ADD GENERATED BY DEFAULT AS IDENTITY (
    SEQUENCE NAME public.ai_knowledge_share_id_seq
    START WITH 1
    INCREMENT BY 1
    NO MINVALUE
    NO MAXVALUE
    CACHE 1
);


--
-- Name: ai_weblinks_id_seq; Type: SEQUENCE; Schema: public; Owner: postgres
--

ALTER TABLE public.ai_assistant_weblink ALTER COLUMN id ADD GENERATED BY DEFAULT AS IDENTITY (
    SEQUENCE NAME public.ai_weblinks_id_seq
    START WITH 1
    INCREMENT BY 1
    NO MINVALUE
    NO MAXVALUE
    CACHE 1
);


--
-- Name: alerts; Type: TABLE; Schema: public; Owner: postgres
--

CREATE TABLE public.alerts (
    id bigint NOT NULL,
    title character varying(200) NOT NULL,
    description text NOT NULL,
    severity character varying(10) NOT NULL,
    status character varying(15) NOT NULL,
    created_at timestamp with time zone NOT NULL,
    acknowledged_at timestamp with time zone,
    resolved_at timestamp with time zone,
    acknowledged_by_id bigint,
    resolved_by_id bigint,
    system_id bigint NOT NULL
);


ALTER TABLE public.alerts OWNER TO postgres;

--
-- Name: alerts_id_seq; Type: SEQUENCE; Schema: public; Owner: postgres
--

ALTER TABLE public.alerts ALTER COLUMN id ADD GENERATED BY DEFAULT AS IDENTITY (
    SEQUENCE NAME public.alerts_id_seq
    START WITH 1
    INCREMENT BY 1
    NO MINVALUE
    NO MAXVALUE
    CACHE 1
);


--
-- Name: application_alerts; Type: TABLE; Schema: public; Owner: postgres
--

CREATE TABLE public.application_alerts (
    id bigint NOT NULL,
    title character varying(200) NOT NULL,
    message text NOT NULL,
    severity character varying(10) NOT NULL,
    status character varying(15) NOT NULL,
    source_name character varying(100) NOT NULL,
    file_path character varying(500) NOT NULL,
    line_number integer,
    pattern_matched character varying(100) NOT NULL,
    context_lines jsonb NOT NULL,
    fingerprint character varying(64) NOT NULL,
    created_at timestamp with time zone NOT NULL,
    acknowledged_at timestamp with time zone,
    resolved_at timestamp with time zone,
    metadata jsonb NOT NULL,
    acknowledged_by_id bigint,
    application_id bigint NOT NULL,
    resolved_by_id bigint
);


ALTER TABLE public.application_alerts OWNER TO postgres;

--
-- Name: application_alerts_id_seq; Type: SEQUENCE; Schema: public; Owner: postgres
--

ALTER TABLE public.application_alerts ALTER COLUMN id ADD GENERATED BY DEFAULT AS IDENTITY (
    SEQUENCE NAME public.application_alerts_id_seq
    START WITH 1
    INCREMENT BY 1
    NO MINVALUE
    NO MAXVALUE
    CACHE 1
);


--
-- Name: application_metrics; Type: TABLE; Schema: public; Owner: postgres
--

CREATE TABLE public.application_metrics (
    id bigint NOT NULL,
    "timestamp" timestamp with time zone NOT NULL,
    files_monitored integer NOT NULL,
    total_log_size_mb double precision NOT NULL,
    largest_file_mb double precision NOT NULL,
    total_alerts_sent integer NOT NULL,
    unique_alerts_sent integer NOT NULL,
    duplicate_alerts_suppressed integer NOT NULL,
    scan_duration_ms double precision NOT NULL,
    scan_frequency_per_minute double precision NOT NULL,
    active_sources integer NOT NULL,
    total_patterns integer NOT NULL,
    errors_count integer NOT NULL,
    last_error_time timestamp with time zone,
    alert_cache_size integer NOT NULL,
    cache_hit_rate double precision NOT NULL,
    details jsonb NOT NULL,
    application_id bigint NOT NULL
);


ALTER TABLE public.application_metrics OWNER TO postgres;

--
-- Name: application_metrics_id_seq; Type: SEQUENCE; Schema: public; Owner: postgres
--

ALTER TABLE public.application_metrics ALTER COLUMN id ADD GENERATED BY DEFAULT AS IDENTITY (
    SEQUENCE NAME public.application_metrics_id_seq
    START WITH 1
    INCREMENT BY 1
    NO MINVALUE
    NO MAXVALUE
    CACHE 1
);


--
-- Name: applications; Type: TABLE; Schema: public; Owner: postgres
--

CREATE TABLE public.applications (
    id bigint NOT NULL,
    name character varying(200) NOT NULL,
    agent_type character varying(20) NOT NULL,
    status character varying(20) NOT NULL,
    version character varying(50) NOT NULL,
    last_seen timestamp with time zone NOT NULL,
    created_at timestamp with time zone NOT NULL,
    updated_at timestamp with time zone NOT NULL,
    configuration jsonb NOT NULL,
    notes text NOT NULL,
    system_id bigint NOT NULL
);


ALTER TABLE public.applications OWNER TO postgres;

--
-- Name: applications_id_seq; Type: SEQUENCE; Schema: public; Owner: postgres
--

ALTER TABLE public.applications ALTER COLUMN id ADD GENERATED BY DEFAULT AS IDENTITY (
    SEQUENCE NAME public.applications_id_seq
    START WITH 1
    INCREMENT BY 1
    NO MINVALUE
    NO MAXVALUE
    CACHE 1
);


--
-- Name: auth_group; Type: TABLE; Schema: public; Owner: postgres
--

CREATE TABLE public.auth_group (
    id integer NOT NULL,
    name character varying(150) NOT NULL
);


ALTER TABLE public.auth_group OWNER TO postgres;

--
-- Name: auth_group_id_seq; Type: SEQUENCE; Schema: public; Owner: postgres
--

ALTER TABLE public.auth_group ALTER COLUMN id ADD GENERATED BY DEFAULT AS IDENTITY (
    SEQUENCE NAME public.auth_group_id_seq
    START WITH 1
    INCREMENT BY 1
    NO MINVALUE
    NO MAXVALUE
    CACHE 1
);


--
-- Name: auth_group_permissions; Type: TABLE; Schema: public; Owner: postgres
--

CREATE TABLE public.auth_group_permissions (
    id bigint NOT NULL,
    group_id integer NOT NULL,
    permission_id integer NOT NULL
);


ALTER TABLE public.auth_group_permissions OWNER TO postgres;

--
-- Name: auth_group_permissions_id_seq; Type: SEQUENCE; Schema: public; Owner: postgres
--

ALTER TABLE public.auth_group_permissions ALTER COLUMN id ADD GENERATED BY DEFAULT AS IDENTITY (
    SEQUENCE NAME public.auth_group_permissions_id_seq
    START WITH 1
    INCREMENT BY 1
    NO MINVALUE
    NO MAXVALUE
    CACHE 1
);


--
-- Name: auth_permission; Type: TABLE; Schema: public; Owner: postgres
--

CREATE TABLE public.auth_permission (
    id integer NOT NULL,
    name character varying(255) NOT NULL,
    content_type_id integer NOT NULL,
    codename character varying(100) NOT NULL
);


ALTER TABLE public.auth_permission OWNER TO postgres;

--
-- Name: auth_permission_id_seq; Type: SEQUENCE; Schema: public; Owner: postgres
--

ALTER TABLE public.auth_permission ALTER COLUMN id ADD GENERATED BY DEFAULT AS IDENTITY (
    SEQUENCE NAME public.auth_permission_id_seq
    START WITH 1
    INCREMENT BY 1
    NO MINVALUE
    NO MAXVALUE
    CACHE 1
);


--
-- Name: database_backups; Type: TABLE; Schema: public; Owner: postgres
--

CREATE TABLE public.database_backups (
    id bigint NOT NULL,
    backup_name character varying(200) NOT NULL,
    backup_type character varying(50) NOT NULL,
    file_path character varying(500) NOT NULL,
    file_size bigint NOT NULL,
    status character varying(15) NOT NULL,
    started_at timestamp with time zone NOT NULL,
    completed_at timestamp with time zone,
    notes text NOT NULL,
    created_by_id bigint,
    system_id bigint NOT NULL
);


ALTER TABLE public.database_backups OWNER TO postgres;

--
-- Name: database_backups_id_seq; Type: SEQUENCE; Schema: public; Owner: postgres
--

ALTER TABLE public.database_backups ALTER COLUMN id ADD GENERATED BY DEFAULT AS IDENTITY (
    SEQUENCE NAME public.database_backups_id_seq
    START WITH 1
    INCREMENT BY 1
    NO MINVALUE
    NO MAXVALUE
    CACHE 1
);


--
-- Name: database_metrics; Type: TABLE; Schema: public; Owner: postgres
--

CREATE TABLE public.database_metrics (
    id bigint NOT NULL,
    "timestamp" timestamp with time zone NOT NULL,
    active_connections integer NOT NULL,
    total_connections integer NOT NULL,
    slow_queries integer NOT NULL,
    query_time_avg double precision NOT NULL,
    cache_hit_ratio double precision NOT NULL,
    database_size bigint NOT NULL,
    table_count integer NOT NULL,
    system_id bigint NOT NULL
);


ALTER TABLE public.database_metrics OWNER TO postgres;

--
-- Name: database_metrics_id_seq; Type: SEQUENCE; Schema: public; Owner: postgres
--

ALTER TABLE public.database_metrics ALTER COLUMN id ADD GENERATED BY DEFAULT AS IDENTITY (
    SEQUENCE NAME public.database_metrics_id_seq
    START WITH 1
    INCREMENT BY 1
    NO MINVALUE
    NO MAXVALUE
    CACHE 1
);


--
-- Name: django_admin_log; Type: TABLE; Schema: public; Owner: postgres
--

CREATE TABLE public.django_admin_log (
    id integer NOT NULL,
    action_time timestamp with time zone NOT NULL,
    object_id text,
    object_repr character varying(200) NOT NULL,
    action_flag smallint NOT NULL,
    change_message text NOT NULL,
    content_type_id integer,
    user_id bigint NOT NULL,
    CONSTRAINT django_admin_log_action_flag_check CHECK ((action_flag >= 0))
);


ALTER TABLE public.django_admin_log OWNER TO postgres;

--
-- Name: django_admin_log_id_seq; Type: SEQUENCE; Schema: public; Owner: postgres
--

ALTER TABLE public.django_admin_log ALTER COLUMN id ADD GENERATED BY DEFAULT AS IDENTITY (
    SEQUENCE NAME public.django_admin_log_id_seq
    START WITH 1
    INCREMENT BY 1
    NO MINVALUE
    NO MAXVALUE
    CACHE 1
);


--
-- Name: django_content_type; Type: TABLE; Schema: public; Owner: postgres
--

CREATE TABLE public.django_content_type (
    id integer NOT NULL,
    app_label character varying(100) NOT NULL,
    model character varying(100) NOT NULL
);


ALTER TABLE public.django_content_type OWNER TO postgres;

--
-- Name: django_content_type_id_seq; Type: SEQUENCE; Schema: public; Owner: postgres
--

ALTER TABLE public.django_content_type ALTER COLUMN id ADD GENERATED BY DEFAULT AS IDENTITY (
    SEQUENCE NAME public.django_content_type_id_seq
    START WITH 1
    INCREMENT BY 1
    NO MINVALUE
    NO MAXVALUE
    CACHE 1
);


--
-- Name: django_migrations; Type: TABLE; Schema: public; Owner: postgres
--

CREATE TABLE public.django_migrations (
    id bigint NOT NULL,
    app character varying(255) NOT NULL,
    name character varying(255) NOT NULL,
    applied timestamp with time zone NOT NULL
);


ALTER TABLE public.django_migrations OWNER TO postgres;

--
-- Name: django_migrations_id_seq; Type: SEQUENCE; Schema: public; Owner: postgres
--

ALTER TABLE public.django_migrations ALTER COLUMN id ADD GENERATED BY DEFAULT AS IDENTITY (
    SEQUENCE NAME public.django_migrations_id_seq
    START WITH 1
    INCREMENT BY 1
    NO MINVALUE
    NO MAXVALUE
    CACHE 1
);


--
-- Name: django_session; Type: TABLE; Schema: public; Owner: postgres
--

CREATE TABLE public.django_session (
    session_key character varying(40) NOT NULL,
    session_data text NOT NULL,
    expire_date timestamp with time zone NOT NULL
);


ALTER TABLE public.django_session OWNER TO postgres;

--
-- Name: document_chunks_id_seq; Type: SEQUENCE; Schema: public; Owner: postgres
--

ALTER TABLE public.ai_assistant_documentchunk ALTER COLUMN id ADD GENERATED BY DEFAULT AS IDENTITY (
    SEQUENCE NAME public.document_chunks_id_seq
    START WITH 1
    INCREMENT BY 1
    NO MINVALUE
    NO MAXVALUE
    CACHE 1
);


--
-- Name: log_entries; Type: TABLE; Schema: public; Owner: postgres
--

CREATE TABLE public.log_entries (
    id bigint NOT NULL,
    "timestamp" timestamp with time zone NOT NULL,
    level character varying(10) NOT NULL,
    source character varying(20) NOT NULL,
    message text NOT NULL,
    details jsonb NOT NULL,
    ip_address inet,
    user_agent text NOT NULL,
    system_id bigint NOT NULL
);


ALTER TABLE public.log_entries OWNER TO postgres;

--
-- Name: log_entries_id_seq; Type: SEQUENCE; Schema: public; Owner: postgres
--

ALTER TABLE public.log_entries ALTER COLUMN id ADD GENERATED BY DEFAULT AS IDENTITY (
    SEQUENCE NAME public.log_entries_id_seq
    START WITH 1
    INCREMENT BY 1
    NO MINVALUE
    NO MAXVALUE
    CACHE 1
);


--
-- Name: maintenance_schedules; Type: TABLE; Schema: public; Owner: postgres
--

CREATE TABLE public.maintenance_schedules (
    id bigint NOT NULL,
    name character varying(200) NOT NULL,
    description text NOT NULL,
    frequency character varying(15) NOT NULL,
    "interval" integer NOT NULL,
    start_date date NOT NULL,
    end_date date,
    is_active boolean NOT NULL,
    created_at timestamp with time zone NOT NULL,
    updated_at timestamp with time zone NOT NULL,
    task_template_id bigint NOT NULL
);


ALTER TABLE public.maintenance_schedules OWNER TO postgres;

--
-- Name: maintenance_schedules_id_seq; Type: SEQUENCE; Schema: public; Owner: postgres
--

ALTER TABLE public.maintenance_schedules ALTER COLUMN id ADD GENERATED BY DEFAULT AS IDENTITY (
    SEQUENCE NAME public.maintenance_schedules_id_seq
    START WITH 1
    INCREMENT BY 1
    NO MINVALUE
    NO MAXVALUE
    CACHE 1
);


--
-- Name: maintenance_tasks; Type: TABLE; Schema: public; Owner: postgres
--

CREATE TABLE public.maintenance_tasks (
    id bigint NOT NULL,
    title character varying(200) NOT NULL,
    description text NOT NULL,
    task_type character varying(20) NOT NULL,
    priority character varying(10) NOT NULL,
    status character varying(15) NOT NULL,
    scheduled_date timestamp with time zone NOT NULL,
    estimated_duration interval NOT NULL,
    actual_start_time timestamp with time zone,
    actual_end_time timestamp with time zone,
    notes text NOT NULL,
    attachments character varying(100),
    created_at timestamp with time zone NOT NULL,
    updated_at timestamp with time zone NOT NULL,
    assigned_to_id bigint,
    created_by_id bigint NOT NULL
);


ALTER TABLE public.maintenance_tasks OWNER TO postgres;

--
-- Name: maintenance_tasks_id_seq; Type: SEQUENCE; Schema: public; Owner: postgres
--

ALTER TABLE public.maintenance_tasks ALTER COLUMN id ADD GENERATED BY DEFAULT AS IDENTITY (
    SEQUENCE NAME public.maintenance_tasks_id_seq
    START WITH 1
    INCREMENT BY 1
    NO MINVALUE
    NO MAXVALUE
    CACHE 1
);


--
-- Name: maintenance_tasks_systems; Type: TABLE; Schema: public; Owner: postgres
--

CREATE TABLE public.maintenance_tasks_systems (
    id bigint NOT NULL,
    maintenancetask_id bigint NOT NULL,
    system_id bigint NOT NULL
);


ALTER TABLE public.maintenance_tasks_systems OWNER TO postgres;

--
-- Name: maintenance_tasks_systems_id_seq; Type: SEQUENCE; Schema: public; Owner: postgres
--

ALTER TABLE public.maintenance_tasks_systems ALTER COLUMN id ADD GENERATED BY DEFAULT AS IDENTITY (
    SEQUENCE NAME public.maintenance_tasks_systems_id_seq
    START WITH 1
    INCREMENT BY 1
    NO MINVALUE
    NO MAXVALUE
    CACHE 1
);


--
-- Name: network_connections; Type: TABLE; Schema: public; Owner: postgres
--

CREATE TABLE public.network_connections (
    id bigint NOT NULL,
    local_address character varying(50) NOT NULL,
    local_port integer NOT NULL,
    remote_address character varying(50) NOT NULL,
    remote_port integer NOT NULL,
    protocol character varying(10) NOT NULL,
    status character varying(15) NOT NULL,
    process_name character varying(200) NOT NULL,
    process_id integer,
    "timestamp" timestamp with time zone NOT NULL,
    system_id bigint NOT NULL
);


ALTER TABLE public.network_connections OWNER TO postgres;

--
-- Name: network_connections_id_seq; Type: SEQUENCE; Schema: public; Owner: postgres
--

ALTER TABLE public.network_connections ALTER COLUMN id ADD GENERATED BY DEFAULT AS IDENTITY (
    SEQUENCE NAME public.network_connections_id_seq
    START WITH 1
    INCREMENT BY 1
    NO MINVALUE
    NO MAXVALUE
    CACHE 1
);


--
-- Name: performance_baselines; Type: TABLE; Schema: public; Owner: postgres
--

CREATE TABLE public.performance_baselines (
    id bigint NOT NULL,
    name character varying(200) NOT NULL,
    description text NOT NULL,
    cpu_baseline double precision NOT NULL,
    memory_baseline double precision NOT NULL,
    disk_baseline double precision NOT NULL,
    network_baseline double precision NOT NULL,
    cpu_threshold double precision NOT NULL,
    memory_threshold double precision NOT NULL,
    disk_threshold double precision NOT NULL,
    network_threshold double precision NOT NULL,
    created_at timestamp with time zone NOT NULL,
    updated_at timestamp with time zone NOT NULL,
    is_active boolean NOT NULL,
    system_id bigint NOT NULL
);


ALTER TABLE public.performance_baselines OWNER TO postgres;

--
-- Name: performance_baselines_id_seq; Type: SEQUENCE; Schema: public; Owner: postgres
--

ALTER TABLE public.performance_baselines ALTER COLUMN id ADD GENERATED BY DEFAULT AS IDENTITY (
    SEQUENCE NAME public.performance_baselines_id_seq
    START WITH 1
    INCREMENT BY 1
    NO MINVALUE
    NO MAXVALUE
    CACHE 1
);


--
-- Name: roles; Type: TABLE; Schema: public; Owner: postgres
--

CREATE TABLE public.roles (
    id bigint NOT NULL,
    name character varying(100) NOT NULL,
    description text NOT NULL,
    permissions jsonb NOT NULL,
    is_active boolean NOT NULL,
    created_at timestamp with time zone NOT NULL,
    updated_at timestamp with time zone NOT NULL
);


ALTER TABLE public.roles OWNER TO postgres;

--
-- Name: roles_id_seq; Type: SEQUENCE; Schema: public; Owner: postgres
--

ALTER TABLE public.roles ALTER COLUMN id ADD GENERATED BY DEFAULT AS IDENTITY (
    SEQUENCE NAME public.roles_id_seq
    START WITH 1
    INCREMENT BY 1
    NO MINVALUE
    NO MAXVALUE
    CACHE 1
);


--
-- Name: sql_queries; Type: TABLE; Schema: public; Owner: postgres
--

CREATE TABLE public.sql_queries (
    id bigint NOT NULL,
    query_text text NOT NULL,
    query_type character varying(10) NOT NULL,
    execution_time double precision NOT NULL,
    rows_affected integer,
    "timestamp" timestamp with time zone NOT NULL,
    application character varying(100) NOT NULL,
    system_id bigint NOT NULL,
    user_id bigint
);


ALTER TABLE public.sql_queries OWNER TO postgres;

--
-- Name: sql_queries_id_seq; Type: SEQUENCE; Schema: public; Owner: postgres
--

ALTER TABLE public.sql_queries ALTER COLUMN id ADD GENERATED BY DEFAULT AS IDENTITY (
    SEQUENCE NAME public.sql_queries_id_seq
    START WITH 1
    INCREMENT BY 1
    NO MINVALUE
    NO MAXVALUE
    CACHE 1
);


--
-- Name: system_metrics; Type: TABLE; Schema: public; Owner: postgres
--

CREATE TABLE public.system_metrics (
    id bigint NOT NULL,
    "timestamp" timestamp with time zone NOT NULL,
    cpu_usage double precision NOT NULL,
    memory_usage double precision NOT NULL,
    disk_usage double precision NOT NULL,
    network_in bigint NOT NULL,
    network_out bigint NOT NULL,
    temperature double precision,
    uptime bigint NOT NULL,
    system_id bigint NOT NULL,
    details jsonb NOT NULL
);


ALTER TABLE public.system_metrics OWNER TO postgres;

--
-- Name: system_metrics_id_seq; Type: SEQUENCE; Schema: public; Owner: postgres
--

ALTER TABLE public.system_metrics ALTER COLUMN id ADD GENERATED BY DEFAULT AS IDENTITY (
    SEQUENCE NAME public.system_metrics_id_seq
    START WITH 1
    INCREMENT BY 1
    NO MINVALUE
    NO MAXVALUE
    CACHE 1
);


--
-- Name: systems; Type: TABLE; Schema: public; Owner: postgres
--

CREATE TABLE public.systems (
    id bigint NOT NULL,
    name character varying(200) NOT NULL,
    hostname character varying(200) NOT NULL,
    ip_address inet NOT NULL,
    mac_address character varying(17) NOT NULL,
    os_type character varying(50) NOT NULL,
    os_version character varying(50) NOT NULL,
    status character varying(20) NOT NULL,
    last_seen timestamp with time zone NOT NULL,
    created_at timestamp with time zone NOT NULL,
    updated_at timestamp with time zone NOT NULL,
    notes text NOT NULL
);


ALTER TABLE public.systems OWNER TO postgres;

--
-- Name: systems_id_seq; Type: SEQUENCE; Schema: public; Owner: postgres
--

ALTER TABLE public.systems ALTER COLUMN id ADD GENERATED BY DEFAULT AS IDENTITY (
    SEQUENCE NAME public.systems_id_seq
    START WITH 1
    INCREMENT BY 1
    NO MINVALUE
    NO MAXVALUE
    CACHE 1
);


--
-- Name: user_roles; Type: TABLE; Schema: public; Owner: postgres
--

CREATE TABLE public.user_roles (
    id bigint NOT NULL,
    assigned_at timestamp with time zone NOT NULL,
    is_active boolean NOT NULL,
    assigned_by_id bigint,
    role_id bigint NOT NULL,
    user_id bigint NOT NULL
);


ALTER TABLE public.user_roles OWNER TO postgres;

--
-- Name: user_roles_id_seq; Type: SEQUENCE; Schema: public; Owner: postgres
--

ALTER TABLE public.user_roles ALTER COLUMN id ADD GENERATED BY DEFAULT AS IDENTITY (
    SEQUENCE NAME public.user_roles_id_seq
    START WITH 1
    INCREMENT BY 1
    NO MINVALUE
    NO MAXVALUE
    CACHE 1
);


--
-- Name: users; Type: TABLE; Schema: public; Owner: postgres
--

CREATE TABLE public.users (
    id bigint NOT NULL,
    password character varying(128) NOT NULL,
    last_login timestamp with time zone,
    is_superuser boolean NOT NULL,
    username character varying(150) NOT NULL,
    first_name character varying(150) NOT NULL,
    last_name character varying(150) NOT NULL,
    email character varying(254) NOT NULL,
    is_staff boolean NOT NULL,
    date_joined timestamp with time zone NOT NULL,
    employee_id character varying(50),
    department character varying(100) NOT NULL,
    "position" character varying(100) NOT NULL,
    phone character varying(20) NOT NULL,
    avatar character varying(100),
    is_active boolean NOT NULL,
    last_login_ip inet,
    created_at timestamp with time zone NOT NULL,
    updated_at timestamp with time zone NOT NULL
);


ALTER TABLE public.users OWNER TO postgres;

--
-- Name: users_groups; Type: TABLE; Schema: public; Owner: postgres
--

CREATE TABLE public.users_groups (
    id bigint NOT NULL,
    user_id bigint NOT NULL,
    group_id integer NOT NULL
);


ALTER TABLE public.users_groups OWNER TO postgres;

--
-- Name: users_groups_id_seq; Type: SEQUENCE; Schema: public; Owner: postgres
--

ALTER TABLE public.users_groups ALTER COLUMN id ADD GENERATED BY DEFAULT AS IDENTITY (
    SEQUENCE NAME public.users_groups_id_seq
    START WITH 1
    INCREMENT BY 1
    NO MINVALUE
    NO MAXVALUE
    CACHE 1
);


--
-- Name: users_id_seq; Type: SEQUENCE; Schema: public; Owner: postgres
--

ALTER TABLE public.users ALTER COLUMN id ADD GENERATED BY DEFAULT AS IDENTITY (
    SEQUENCE NAME public.users_id_seq
    START WITH 1
    INCREMENT BY 1
    NO MINVALUE
    NO MAXVALUE
    CACHE 1
);


--
-- Name: users_user_permissions; Type: TABLE; Schema: public; Owner: postgres
--

CREATE TABLE public.users_user_permissions (
    id bigint NOT NULL,
    user_id bigint NOT NULL,
    permission_id integer NOT NULL
);


ALTER TABLE public.users_user_permissions OWNER TO postgres;

--
-- Name: users_user_permissions_id_seq; Type: SEQUENCE; Schema: public; Owner: postgres
--

ALTER TABLE public.users_user_permissions ALTER COLUMN id ADD GENERATED BY DEFAULT AS IDENTITY (
    SEQUENCE NAME public.users_user_permissions_id_seq
    START WITH 1
    INCREMENT BY 1
    NO MINVALUE
    NO MAXVALUE
    CACHE 1
);


--
-- Data for Name: ai_assistant_documentchunk; Type: TABLE DATA; Schema: public; Owner: postgres
--

COPY public.ai_assistant_documentchunk (id, chunk_index, content, created_at, embedding, page_number, uploaded_file_id) FROM stdin;
1	0	PDF processing temporarily disabled	2025-10-25 11:59:12.589373+00	[0,0,0,0,0,0,0,0,0,0,0,0,0,0,0,0,0,0,0,0,0,0,0,0,0,0,0,0,0,0,0,0,0,0,0,0,0,0,0,0,0,0,0,0,0,0,0,0,0,0,0,0,0,0,0,0,0,0,0,0,0,0,0,0,0,0,0,0,0,0,0,0,0,0,0,0,0,0,0,0,0,0,0,0,0,0,0,0,0,0,0,0,0,0,0,0,0,0,0,0,0,0,0,0,0,0,0,0,0,0,0,0,0,0,0,0,0,0,0,0,0,0,0,0,0,0,0,0,0,0,0,0,0,0,0,0,0,0,0,0,0,0,0,0,0,0,0,0,0,0,0,0,0,0,0,0,0,0,0,0,0,0,0,0,0,0,0,0,0,0,0,0,0,0,0,0,0,0,0,0,0,0,0,0,0,0,0,0,0,0,0,0,0,0,0,0,0,0,0,0,0,0,0,0,0,0,0,0,0,0,0,0,0,0,0,0,0,0,0,0,0,0,0,0,0,0,0,0,0,0,0,0,0,0,0,0,0,0,0,0,0,0,0,0,0,0,0,0,0,0,0,0,0,0,0,0,0,0,0,0,0,0,0,0,0,0,0,0,0,0,0,0,0,0,0,0,0,0,0,0,0,0,0,0,0,0,0,0,0,0,0,0,0,0,0,0,0,0,0,0,0,0,0,0,0,0,0,0,0,0,0,0,0,0,0,0,0,0,0,0,0,0,0,0,0,0,0,0,0,0,0,0,0,0,0,0,0,0,0,0,0,0,0,0,0,0,0,0,0,0,0,0,0,0,0,0,0,0,0,0,0,0,0,0,0,0,0,0,0,0,0,0,0,0,0,0,0,0,0,0,0,0,0,0,0,0,0,0,0,0,0,0,0,0,0,0,0,0,0,0,0,0,0,0,0,0,0,0,0,0,0,0,0,0,0,0,0,0,0,0,0,0,0,0,0,0,0,0,0,0,0,0,0,0,0,0,0,0,0,0,0,0,0,0,0,0,0,0,0,0,0,0,0,0,0,0,0,0,0,0,0,0,0,0,0,0,0,0,0,0,0,0,0,0,0,0,0,0,0,0,0,0,0,0,0,0,0,0,0,0,0,0,0,0,0,0,0,0,0,0,0,0,0,0,0,0,0,0,0,0,0,0,0,0,0,0,0,0,0,0,0,0,0,0,0,0,0,0,0,0,0,0,0,0,0,0,0,0,0,0,0,0,0,0,0,0,0,0,0,0,0,0,0,0,0,0,0,0,0,0,0,0,0,0,0,0,0,0,0,0,0,0,0,0,0,0,0,0,0,0,0,0,0,0,0,0,0,0,0,0,0,0,0,0,0,0,0,0,0,0,0,0,0,0,0,0,0,0,0,0,0,0,0,0,0,0,0,0,0,0,0,0,0,0,0,0,0,0,0,0,0,0,0,0,0,0,0,0,0,0,0,0,0,0,0,0,0,0,0,0,0,0,0,0,0,0,0,0,0,0,0,0,0,0,0,0,0,0,0,0,0,0,0,0,0,0,0,0,0,0,0,0,0,0,0,0,0,0,0,0,0,0,0,0,0,0,0,0,0,0,0,0,0,0,0,0,0,0,0,0,0,0,0,0,0,0,0,0,0,0,0,0,0,0,0,0,0,0,0,0,0,0,0,0,0,0,0,0,0,0,0,0,0,0,0,0,0,0,0,0,0,0,0,0,0,0,0,0,0,0,0,0,0,0,0,0,0,0,0,0,0,0,0,0,0,0,0,0,0,0,0,0,0,0,0,0,0,0,0,0,0,0,0,0,0,0,0,0,0,0,0,0,0,0,0,0,0,0,0,0,0,0,0,0,0,0,0,0,0,0,0,0,0,0,0,0,0,0,0,0,0,0,0,0,0,0,0,0,0,0,0,0,0,0,0,0,0,0,0,0,0,0,0,0,0,0,0,0,0,0,0,0,0,0,0,0,0,0,0,0,0,0,0,0,0,0,0,0,0,0,0,0,0,0,0,0,0,0,0,0,0,0,0,0,0,0,0,0,0,0,0,0,0,0,0,0,0,0,0,0,0,0,0,0,0,0,0,0,0,0,0,0,0,0,0,0,0,0,0,0,0,0,0,0,0,0,0,0,0,0,0,0,0,0,0,0,0,0,0,0,0,0,0,0,0,0,0,0,0,0,0,0,0,0,0,0,0,0,0,0,0,0,0,0,0,0,0,0,0,0,0,0,0,0,0,0,0,0,0,0,0,0,0,0,0,0,0,0,0,0,0,0,0,0,0,0,0,0,0,0,0,0,0,0,0,0,0,0,0,0,0,0,0,0]	1	1
\.


--
-- Data for Name: ai_assistant_documentfile; Type: TABLE DATA; Schema: public; Owner: postgres
--

COPY public.ai_assistant_documentfile (id, title, file, filename, document_type, description, uploaded_at, page_count, file_size, uploaded_by_id) FROM stdin;
1	CDS_Configure_MS_Libraries	documents/922917f9-a856-484e-8865-803783db74e6.pdf	CDS_Configure_MS_Libraries.pdf	pdf		2025-10-25 11:59:12.59737+00	1	1107759	1
\.


--
-- Data for Name: ai_assistant_knowledgeshare; Type: TABLE DATA; Schema: public; Owner: postgres
--

COPY public.ai_assistant_knowledgeshare (id, enabled, share_token, created_at, created_by_id) FROM stdin;
\.


--
-- Data for Name: ai_assistant_pdfdocument; Type: TABLE DATA; Schema: public; Owner: postgres
--

COPY public.ai_assistant_pdfdocument (id, title, filename, file, description, uploaded_at, page_count, file_size, uploaded_by_id) FROM stdin;
\.


--
-- Data for Name: ai_assistant_queryhistory; Type: TABLE DATA; Schema: public; Owner: postgres
--

COPY public.ai_assistant_queryhistory (id, query, response, sources, query_type, created_at, user_id) FROM stdin;
1	Hello Who are you?\\	I'm an AI assistant called Claude from Anthropic. How can I help you today?	[]	chat	2025-10-25 11:58:03.788395+00	1
2	What is CDS?	I don't have enough information in my knowledge base to provide a comprehensive answer to your question. Please try rephrasing your question or check if the relevant documents have been uploaded.	[]	comprehensive_rag	2025-10-25 12:01:25.535669+00	1
3	what is CDS?	I don't know.	[{"id": 1, "content": "PDF processing temporarily disabled", "filename": "CDS_Configure_MS_Libraries", "file_hash": "67b401de6d35e873241d05122d909e067b2e1fdc2da7b49cddb513167a59c364", "file_size": 1107759, "chunk_index": 0, "page_number": 1, "download_url": "/api/ai/documents/1/download/", "uploaded_file_id": 1}]	rag	2025-10-25 12:01:47.141791+00	1
4	Hello Can you introduce you self?	I'm an AI assistant designed to help with information, tasks, and various queries. How can I assist you today?	[]	chat	2025-10-25 13:08:09.441324+00	1
5	So are you chatgpt or claude?	I am Qwen, not ChatGPT or Claude. I am an AI assistant created by Alibaba Cloud.	[]	chat	2025-10-25 13:08:31.089941+00	1
6	Are you local in Ollama or on cloud?	I am an AI assistant hosted on servers maintained by Alibaba Cloud, not locally in any specific location like Ollama.	[]	chat	2025-10-25 13:08:54.037276+00	1
7	I want to study some English ,canyou help me	Of course! What specific areas do you need help with? Grammar, vocabulary, reading, writing, or something else? And at what level are you starting from?	[]	chat	2025-10-25 13:09:35.339349+00	1
8	which manaul you can check ?	I don't know.	[{"id": 1, "content": "PDF processing temporarily disabled", "filename": "CDS_Configure_MS_Libraries", "file_hash": "67b401de6d35e873241d05122d909e067b2e1fdc2da7b49cddb513167a59c364", "file_size": 1107759, "chunk_index": 0, "page_number": 1, "download_url": "/api/ai/documents/1/download/", "uploaded_file_id": 1}]	rag	2025-10-25 13:10:05.523229+00	1
\.


--
-- Data for Name: ai_assistant_uploadedfile; Type: TABLE DATA; Schema: public; Owner: postgres
--

COPY public.ai_assistant_uploadedfile (id, filename, file_hash, uploaded_at, intro, file_size, page_count, uploaded_by_id) FROM stdin;
1	CDS_Configure_MS_Libraries	67b401de6d35e873241d05122d909e067b2e1fdc2da7b49cddb513167a59c364	2025-10-25 11:59:12.586015+00	PDF processing temporarily disabled	1107759	1	1
\.


--
-- Data for Name: ai_assistant_weblink; Type: TABLE DATA; Schema: public; Owner: postgres
--

COPY public.ai_assistant_weblink (id, title, url, tags, created_at, updated_at, added_by_id) FROM stdin;
\.


--
-- Data for Name: alerts; Type: TABLE DATA; Schema: public; Owner: postgres
--

COPY public.alerts (id, title, description, severity, status, created_at, acknowledged_at, resolved_at, acknowledged_by_id, resolved_by_id, system_id) FROM stdin;
\.


--
-- Data for Name: application_alerts; Type: TABLE DATA; Schema: public; Owner: postgres
--

COPY public.application_alerts (id, title, message, severity, status, source_name, file_path, line_number, pattern_matched, context_lines, fingerprint, created_at, acknowledged_at, resolved_at, metadata, acknowledged_by_id, application_id, resolved_by_id) FROM stdin;
\.


--
-- Data for Name: application_metrics; Type: TABLE DATA; Schema: public; Owner: postgres
--

COPY public.application_metrics (id, "timestamp", files_monitored, total_log_size_mb, largest_file_mb, total_alerts_sent, unique_alerts_sent, duplicate_alerts_suppressed, scan_duration_ms, scan_frequency_per_minute, active_sources, total_patterns, errors_count, last_error_time, alert_cache_size, cache_hit_rate, details, application_id) FROM stdin;
\.


--
-- Data for Name: applications; Type: TABLE DATA; Schema: public; Owner: postgres
--

COPY public.applications (id, name, agent_type, status, version, last_seen, created_at, updated_at, configuration, notes, system_id) FROM stdin;
\.


--
-- Data for Name: auth_group; Type: TABLE DATA; Schema: public; Owner: postgres
--

COPY public.auth_group (id, name) FROM stdin;
\.


--
-- Data for Name: auth_group_permissions; Type: TABLE DATA; Schema: public; Owner: postgres
--

COPY public.auth_group_permissions (id, group_id, permission_id) FROM stdin;
\.


--
-- Data for Name: auth_permission; Type: TABLE DATA; Schema: public; Owner: postgres
--

COPY public.auth_permission (id, name, content_type_id, codename) FROM stdin;
1	Can add log entry	1	add_logentry
2	Can change log entry	1	change_logentry
3	Can delete log entry	1	delete_logentry
4	Can view log entry	1	view_logentry
5	Can add permission	2	add_permission
6	Can change permission	2	change_permission
7	Can delete permission	2	delete_permission
8	Can view permission	2	view_permission
9	Can add group	3	add_group
10	Can change group	3	change_group
11	Can delete group	3	delete_group
12	Can view group	3	view_group
13	Can add content type	4	add_contenttype
14	Can change content type	4	change_contenttype
15	Can delete content type	4	delete_contenttype
16	Can view content type	4	view_contenttype
17	Can add Role	5	add_role
18	Can change Role	5	change_role
19	Can delete Role	5	delete_role
20	Can view Role	5	view_role
21	Can add User	6	add_user
22	Can change User	6	change_user
23	Can delete User	6	delete_user
24	Can view User	6	view_user
25	Can add User Role	7	add_userrole
26	Can change User Role	7	change_userrole
27	Can delete User Role	7	delete_userrole
28	Can view User Role	7	view_userrole
29	Can add document chunk	8	add_documentchunk
30	Can change document chunk	8	change_documentchunk
31	Can delete document chunk	8	delete_documentchunk
32	Can view document chunk	8	view_documentchunk
33	Can add pdf document	9	add_pdfdocument
34	Can change pdf document	9	change_pdfdocument
35	Can delete pdf document	9	delete_pdfdocument
36	Can view pdf document	9	view_pdfdocument
37	Can add web link	10	add_weblink
38	Can change web link	10	change_weblink
39	Can delete web link	10	delete_weblink
40	Can view web link	10	view_weblink
41	Can add knowledge share	11	add_knowledgeshare
42	Can change knowledge share	11	change_knowledgeshare
43	Can delete knowledge share	11	delete_knowledgeshare
44	Can view knowledge share	11	view_knowledgeshare
45	Can add document	12	add_document
46	Can change document	12	change_document
47	Can delete document	12	delete_document
48	Can view document	12	view_document
49	Can add query history	13	add_queryhistory
50	Can change query history	13	change_queryhistory
51	Can delete query history	13	delete_queryhistory
52	Can view query history	13	view_queryhistory
53	Can add uploaded file	14	add_uploadedfile
54	Can change uploaded file	14	change_uploadedfile
55	Can delete uploaded file	14	delete_uploadedfile
56	Can view uploaded file	14	view_uploadedfile
57	Can add document file	15	add_documentfile
58	Can change document file	15	change_documentfile
59	Can delete document file	15	delete_documentfile
60	Can view document file	15	view_documentfile
61	Can add session	16	add_session
62	Can change session	16	change_session
63	Can delete session	16	delete_session
64	Can view session	16	view_session
65	Can add Alert	17	add_alert
66	Can change Alert	17	change_alert
67	Can delete Alert	17	delete_alert
68	Can view Alert	17	view_alert
69	Can add Database Metric	18	add_databasemetrics
70	Can change Database Metric	18	change_databasemetrics
71	Can delete Database Metric	18	delete_databasemetrics
72	Can view Database Metric	18	view_databasemetrics
73	Can add Log Entry	19	add_logentry
74	Can change Log Entry	19	change_logentry
75	Can delete Log Entry	19	delete_logentry
76	Can view Log Entry	19	view_logentry
77	Can add Network Connection	20	add_networkconnection
78	Can change Network Connection	20	change_networkconnection
79	Can delete Network Connection	20	delete_networkconnection
80	Can view Network Connection	20	view_networkconnection
81	Can add System	21	add_system
82	Can change System	21	change_system
83	Can delete System	21	delete_system
84	Can view System	21	view_system
85	Can add System Metric	22	add_systemmetrics
86	Can change System Metric	22	change_systemmetrics
87	Can delete System Metric	22	delete_systemmetrics
88	Can view System Metric	22	view_systemmetrics
89	Can add Application	23	add_application
90	Can change Application	23	change_application
91	Can delete Application	23	delete_application
92	Can view Application	23	view_application
93	Can add Application Alert	24	add_applicationalert
94	Can change Application Alert	24	change_applicationalert
95	Can delete Application Alert	24	delete_applicationalert
96	Can view Application Alert	24	view_applicationalert
97	Can add Application Metric	25	add_applicationmetrics
98	Can change Application Metric	25	change_applicationmetrics
99	Can delete Application Metric	25	delete_applicationmetrics
100	Can view Application Metric	25	view_applicationmetrics
101	Can add Database Backup	26	add_databasebackup
102	Can change Database Backup	26	change_databasebackup
103	Can delete Database Backup	26	delete_databasebackup
104	Can view Database Backup	26	view_databasebackup
105	Can add Maintenance Schedule	27	add_maintenanceschedule
106	Can change Maintenance Schedule	27	change_maintenanceschedule
107	Can delete Maintenance Schedule	27	delete_maintenanceschedule
108	Can view Maintenance Schedule	27	view_maintenanceschedule
109	Can add Maintenance Task	28	add_maintenancetask
110	Can change Maintenance Task	28	change_maintenancetask
111	Can delete Maintenance Task	28	delete_maintenancetask
112	Can view Maintenance Task	28	view_maintenancetask
113	Can add Performance Baseline	29	add_performancebaseline
114	Can change Performance Baseline	29	change_performancebaseline
115	Can delete Performance Baseline	29	delete_performancebaseline
116	Can view Performance Baseline	29	view_performancebaseline
117	Can add SQL Query	30	add_sqlquery
118	Can change SQL Query	30	change_sqlquery
119	Can delete SQL Query	30	delete_sqlquery
120	Can view SQL Query	30	view_sqlquery
\.


--
-- Data for Name: database_backups; Type: TABLE DATA; Schema: public; Owner: postgres
--

COPY public.database_backups (id, backup_name, backup_type, file_path, file_size, status, started_at, completed_at, notes, created_by_id, system_id) FROM stdin;
\.


--
-- Data for Name: database_metrics; Type: TABLE DATA; Schema: public; Owner: postgres
--

COPY public.database_metrics (id, "timestamp", active_connections, total_connections, slow_queries, query_time_avg, cache_hit_ratio, database_size, table_count, system_id) FROM stdin;
\.


--
-- Data for Name: django_admin_log; Type: TABLE DATA; Schema: public; Owner: postgres
--

COPY public.django_admin_log (id, action_time, object_id, object_repr, action_flag, change_message, content_type_id, user_id) FROM stdin;
\.


--
-- Data for Name: django_content_type; Type: TABLE DATA; Schema: public; Owner: postgres
--

COPY public.django_content_type (id, app_label, model) FROM stdin;
1	admin	logentry
2	auth	permission
3	auth	group
4	contenttypes	contenttype
5	users	role
6	users	user
7	users	userrole
8	ai_assistant	documentchunk
9	ai_assistant	pdfdocument
10	ai_assistant	weblink
11	ai_assistant	knowledgeshare
12	ai_assistant	document
13	ai_assistant	queryhistory
14	ai_assistant	uploadedfile
15	ai_assistant	documentfile
16	sessions	session
17	monitoring	alert
18	monitoring	databasemetrics
19	monitoring	logentry
20	monitoring	networkconnection
21	monitoring	system
22	monitoring	systemmetrics
23	monitoring	application
24	monitoring	applicationalert
25	monitoring	applicationmetrics
26	maintenance	databasebackup
27	maintenance	maintenanceschedule
28	maintenance	maintenancetask
29	maintenance	performancebaseline
30	maintenance	sqlquery
\.


--
-- Data for Name: django_migrations; Type: TABLE DATA; Schema: public; Owner: postgres
--

COPY public.django_migrations (id, app, name, applied) FROM stdin;
1	contenttypes	0001_initial	2025-08-22 06:45:58.966222+00
2	contenttypes	0002_remove_content_type_name	2025-08-22 06:45:58.96902+00
3	auth	0001_initial	2025-08-22 06:45:58.983837+00
4	auth	0002_alter_permission_name_max_length	2025-08-22 06:45:58.985699+00
5	auth	0003_alter_user_email_max_length	2025-08-22 06:45:58.987288+00
6	auth	0004_alter_user_username_opts	2025-08-22 06:45:58.989018+00
7	auth	0005_alter_user_last_login_null	2025-08-22 06:45:58.990824+00
8	auth	0006_require_contenttypes_0002	2025-08-22 06:45:58.991506+00
9	auth	0007_alter_validators_add_error_messages	2025-08-22 06:45:58.993087+00
10	auth	0008_alter_user_username_max_length	2025-08-22 06:45:58.99449+00
11	auth	0009_alter_user_last_name_max_length	2025-08-22 06:45:58.99585+00
12	auth	0010_alter_group_name_max_length	2025-08-22 06:45:58.99787+00
13	auth	0011_update_proxy_permissions	2025-08-22 06:45:58.999326+00
14	auth	0012_alter_user_first_name_max_length	2025-08-22 06:45:59.00195+00
15	users	0001_initial	2025-08-22 06:45:59.06266+00
16	admin	0001_initial	2025-08-22 06:45:59.071918+00
17	admin	0002_logentry_remove_auto_add	2025-08-22 06:45:59.074132+00
18	admin	0003_logentry_add_action_flag_choices	2025-08-22 06:45:59.076309+00
19	ai_assistant	0001_initial	2025-08-22 06:45:59.092153+00
20	ai_assistant	0002_initial	2025-08-22 06:45:59.144633+00
21	ai_assistant	0003_pdfdocument	2025-08-22 06:45:59.151604+00
22	ai_assistant	0004_update_pdfdocument_uploaded_by_null	2025-08-22 06:45:59.157912+00
23	ai_assistant	0005_weblink_knowledgeshare	2025-08-22 06:45:59.174608+00
24	ai_assistant	0006_document_queryhistory_uploadedfile_and_more	2025-08-22 06:45:59.293239+00
25	ai_assistant	0007_create_documentfile	2025-08-22 06:45:59.299615+00
26	ai_assistant	0008_create_documentchunk	2025-08-22 06:46:04.460821+00
27	ai_assistant	0009_update_embedding_dimensions	2025-08-22 06:46:07.925768+00
28	monitoring	0001_initial	2025-08-22 06:46:07.945887+00
29	maintenance	0001_initial	2025-08-22 06:46:07.958002+00
30	maintenance	0002_initial	2025-08-22 06:46:08.056568+00
31	monitoring	0002_initial	2025-08-22 06:46:08.21621+00
32	monitoring	0003_systemmetrics_details	2025-08-22 06:46:08.222969+00
33	monitoring	0004_application_applicationalert_applicationmetrics	2025-08-22 06:46:08.262391+00
34	sessions	0001_initial	2025-08-22 06:46:08.266706+00
35	ai_assistant	0010_alter_documentchunk_embedding_delete_document	2025-10-25 11:11:52.169176+00
\.


--
-- Data for Name: django_session; Type: TABLE DATA; Schema: public; Owner: postgres
--

COPY public.django_session (session_key, session_data, expire_date) FROM stdin;
\.


--
-- Data for Name: log_entries; Type: TABLE DATA; Schema: public; Owner: postgres
--

COPY public.log_entries (id, "timestamp", level, source, message, details, ip_address, user_agent, system_id) FROM stdin;
\.


--
-- Data for Name: maintenance_schedules; Type: TABLE DATA; Schema: public; Owner: postgres
--

COPY public.maintenance_schedules (id, name, description, frequency, "interval", start_date, end_date, is_active, created_at, updated_at, task_template_id) FROM stdin;
\.


--
-- Data for Name: maintenance_tasks; Type: TABLE DATA; Schema: public; Owner: postgres
--

COPY public.maintenance_tasks (id, title, description, task_type, priority, status, scheduled_date, estimated_duration, actual_start_time, actual_end_time, notes, attachments, created_at, updated_at, assigned_to_id, created_by_id) FROM stdin;
\.


--
-- Data for Name: maintenance_tasks_systems; Type: TABLE DATA; Schema: public; Owner: postgres
--

COPY public.maintenance_tasks_systems (id, maintenancetask_id, system_id) FROM stdin;
\.


--
-- Data for Name: network_connections; Type: TABLE DATA; Schema: public; Owner: postgres
--

COPY public.network_connections (id, local_address, local_port, remote_address, remote_port, protocol, status, process_name, process_id, "timestamp", system_id) FROM stdin;
\.


--
-- Data for Name: performance_baselines; Type: TABLE DATA; Schema: public; Owner: postgres
--

COPY public.performance_baselines (id, name, description, cpu_baseline, memory_baseline, disk_baseline, network_baseline, cpu_threshold, memory_threshold, disk_threshold, network_threshold, created_at, updated_at, is_active, system_id) FROM stdin;
\.


--
-- Data for Name: roles; Type: TABLE DATA; Schema: public; Owner: postgres
--

COPY public.roles (id, name, description, permissions, is_active, created_at, updated_at) FROM stdin;
\.


--
-- Data for Name: sql_queries; Type: TABLE DATA; Schema: public; Owner: postgres
--

COPY public.sql_queries (id, query_text, query_type, execution_time, rows_affected, "timestamp", application, system_id, user_id) FROM stdin;
\.


--
-- Data for Name: system_metrics; Type: TABLE DATA; Schema: public; Owner: postgres
--

COPY public.system_metrics (id, "timestamp", cpu_usage, memory_usage, disk_usage, network_in, network_out, temperature, uptime, system_id, details) FROM stdin;
\.


--
-- Data for Name: systems; Type: TABLE DATA; Schema: public; Owner: postgres
--

COPY public.systems (id, name, hostname, ip_address, mac_address, os_type, os_version, status, last_seen, created_at, updated_at, notes) FROM stdin;
\.


--
-- Data for Name: user_roles; Type: TABLE DATA; Schema: public; Owner: postgres
--

COPY public.user_roles (id, assigned_at, is_active, assigned_by_id, role_id, user_id) FROM stdin;
\.


--
-- Data for Name: users; Type: TABLE DATA; Schema: public; Owner: postgres
--

COPY public.users (id, password, last_login, is_superuser, username, first_name, last_name, email, is_staff, date_joined, employee_id, department, "position", phone, avatar, is_active, last_login_ip, created_at, updated_at) FROM stdin;
1	pbkdf2_sha256$1000000$C9XHjWQkWEavcPgN2DkVQW$z5q+aN6uQ0eL1m/C9AKVikbqxul2ONRyMolGhCHOUys=	2025-10-25 13:07:41.168192+00	t	admin			admin@example.com	t	2025-08-22 06:46:14.009325+00	\N					t	\N	2025-08-22 06:46:14.009488+00	2025-08-22 06:46:20.591659+00
\.


--
-- Data for Name: users_groups; Type: TABLE DATA; Schema: public; Owner: postgres
--

COPY public.users_groups (id, user_id, group_id) FROM stdin;
\.


--
-- Data for Name: users_user_permissions; Type: TABLE DATA; Schema: public; Owner: postgres
--

COPY public.users_user_permissions (id, user_id, permission_id) FROM stdin;
\.


--
-- Name: ai_assistant_documentfile_id_seq; Type: SEQUENCE SET; Schema: public; Owner: postgres
--

SELECT pg_catalog.setval('public.ai_assistant_documentfile_id_seq', 1, true);


--
-- Name: ai_assistant_pdfdocument_id_seq; Type: SEQUENCE SET; Schema: public; Owner: postgres
--

SELECT pg_catalog.setval('public.ai_assistant_pdfdocument_id_seq', 1, false);


--
-- Name: ai_assistant_queryhistory_id_seq; Type: SEQUENCE SET; Schema: public; Owner: postgres
--

SELECT pg_catalog.setval('public.ai_assistant_queryhistory_id_seq', 8, true);


--
-- Name: ai_assistant_uploadedfile_id_seq; Type: SEQUENCE SET; Schema: public; Owner: postgres
--

SELECT pg_catalog.setval('public.ai_assistant_uploadedfile_id_seq', 1, true);


--
-- Name: ai_knowledge_share_id_seq; Type: SEQUENCE SET; Schema: public; Owner: postgres
--

SELECT pg_catalog.setval('public.ai_knowledge_share_id_seq', 1, false);


--
-- Name: ai_weblinks_id_seq; Type: SEQUENCE SET; Schema: public; Owner: postgres
--

SELECT pg_catalog.setval('public.ai_weblinks_id_seq', 1, false);


--
-- Name: alerts_id_seq; Type: SEQUENCE SET; Schema: public; Owner: postgres
--

SELECT pg_catalog.setval('public.alerts_id_seq', 1, false);


--
-- Name: application_alerts_id_seq; Type: SEQUENCE SET; Schema: public; Owner: postgres
--

SELECT pg_catalog.setval('public.application_alerts_id_seq', 1, false);


--
-- Name: application_metrics_id_seq; Type: SEQUENCE SET; Schema: public; Owner: postgres
--

SELECT pg_catalog.setval('public.application_metrics_id_seq', 1, false);


--
-- Name: applications_id_seq; Type: SEQUENCE SET; Schema: public; Owner: postgres
--

SELECT pg_catalog.setval('public.applications_id_seq', 1, false);


--
-- Name: auth_group_id_seq; Type: SEQUENCE SET; Schema: public; Owner: postgres
--

SELECT pg_catalog.setval('public.auth_group_id_seq', 1, false);


--
-- Name: auth_group_permissions_id_seq; Type: SEQUENCE SET; Schema: public; Owner: postgres
--

SELECT pg_catalog.setval('public.auth_group_permissions_id_seq', 1, false);


--
-- Name: auth_permission_id_seq; Type: SEQUENCE SET; Schema: public; Owner: postgres
--

SELECT pg_catalog.setval('public.auth_permission_id_seq', 120, true);


--
-- Name: database_backups_id_seq; Type: SEQUENCE SET; Schema: public; Owner: postgres
--

SELECT pg_catalog.setval('public.database_backups_id_seq', 1, false);


--
-- Name: database_metrics_id_seq; Type: SEQUENCE SET; Schema: public; Owner: postgres
--

SELECT pg_catalog.setval('public.database_metrics_id_seq', 1, false);


--
-- Name: django_admin_log_id_seq; Type: SEQUENCE SET; Schema: public; Owner: postgres
--

SELECT pg_catalog.setval('public.django_admin_log_id_seq', 1, false);


--
-- Name: django_content_type_id_seq; Type: SEQUENCE SET; Schema: public; Owner: postgres
--

SELECT pg_catalog.setval('public.django_content_type_id_seq', 30, true);


--
-- Name: django_migrations_id_seq; Type: SEQUENCE SET; Schema: public; Owner: postgres
--

SELECT pg_catalog.setval('public.django_migrations_id_seq', 35, true);


--
-- Name: document_chunks_id_seq; Type: SEQUENCE SET; Schema: public; Owner: postgres
--

SELECT pg_catalog.setval('public.document_chunks_id_seq', 1, true);


--
-- Name: log_entries_id_seq; Type: SEQUENCE SET; Schema: public; Owner: postgres
--

SELECT pg_catalog.setval('public.log_entries_id_seq', 1, false);


--
-- Name: maintenance_schedules_id_seq; Type: SEQUENCE SET; Schema: public; Owner: postgres
--

SELECT pg_catalog.setval('public.maintenance_schedules_id_seq', 1, false);


--
-- Name: maintenance_tasks_id_seq; Type: SEQUENCE SET; Schema: public; Owner: postgres
--

SELECT pg_catalog.setval('public.maintenance_tasks_id_seq', 1, false);


--
-- Name: maintenance_tasks_systems_id_seq; Type: SEQUENCE SET; Schema: public; Owner: postgres
--

SELECT pg_catalog.setval('public.maintenance_tasks_systems_id_seq', 1, false);


--
-- Name: network_connections_id_seq; Type: SEQUENCE SET; Schema: public; Owner: postgres
--

SELECT pg_catalog.setval('public.network_connections_id_seq', 1, false);


--
-- Name: performance_baselines_id_seq; Type: SEQUENCE SET; Schema: public; Owner: postgres
--

SELECT pg_catalog.setval('public.performance_baselines_id_seq', 1, false);


--
-- Name: roles_id_seq; Type: SEQUENCE SET; Schema: public; Owner: postgres
--

SELECT pg_catalog.setval('public.roles_id_seq', 1, false);


--
-- Name: sql_queries_id_seq; Type: SEQUENCE SET; Schema: public; Owner: postgres
--

SELECT pg_catalog.setval('public.sql_queries_id_seq', 1, false);


--
-- Name: system_metrics_id_seq; Type: SEQUENCE SET; Schema: public; Owner: postgres
--

SELECT pg_catalog.setval('public.system_metrics_id_seq', 1, false);


--
-- Name: systems_id_seq; Type: SEQUENCE SET; Schema: public; Owner: postgres
--

SELECT pg_catalog.setval('public.systems_id_seq', 1, false);


--
-- Name: user_roles_id_seq; Type: SEQUENCE SET; Schema: public; Owner: postgres
--

SELECT pg_catalog.setval('public.user_roles_id_seq', 1, false);


--
-- Name: users_groups_id_seq; Type: SEQUENCE SET; Schema: public; Owner: postgres
--

SELECT pg_catalog.setval('public.users_groups_id_seq', 1, false);


--
-- Name: users_id_seq; Type: SEQUENCE SET; Schema: public; Owner: postgres
--

SELECT pg_catalog.setval('public.users_id_seq', 1, true);


--
-- Name: users_user_permissions_id_seq; Type: SEQUENCE SET; Schema: public; Owner: postgres
--

SELECT pg_catalog.setval('public.users_user_permissions_id_seq', 1, false);


--
-- Name: ai_assistant_documentfile ai_assistant_documentfile_pkey; Type: CONSTRAINT; Schema: public; Owner: postgres
--

ALTER TABLE ONLY public.ai_assistant_documentfile
    ADD CONSTRAINT ai_assistant_documentfile_pkey PRIMARY KEY (id);


--
-- Name: ai_assistant_pdfdocument ai_assistant_pdfdocument_pkey; Type: CONSTRAINT; Schema: public; Owner: postgres
--

ALTER TABLE ONLY public.ai_assistant_pdfdocument
    ADD CONSTRAINT ai_assistant_pdfdocument_pkey PRIMARY KEY (id);


--
-- Name: ai_assistant_queryhistory ai_assistant_queryhistory_pkey; Type: CONSTRAINT; Schema: public; Owner: postgres
--

ALTER TABLE ONLY public.ai_assistant_queryhistory
    ADD CONSTRAINT ai_assistant_queryhistory_pkey PRIMARY KEY (id);


--
-- Name: ai_assistant_uploadedfile ai_assistant_uploadedfile_file_hash_key; Type: CONSTRAINT; Schema: public; Owner: postgres
--

ALTER TABLE ONLY public.ai_assistant_uploadedfile
    ADD CONSTRAINT ai_assistant_uploadedfile_file_hash_key UNIQUE (file_hash);


--
-- Name: ai_assistant_uploadedfile ai_assistant_uploadedfile_pkey; Type: CONSTRAINT; Schema: public; Owner: postgres
--

ALTER TABLE ONLY public.ai_assistant_uploadedfile
    ADD CONSTRAINT ai_assistant_uploadedfile_pkey PRIMARY KEY (id);


--
-- Name: ai_assistant_knowledgeshare ai_knowledge_share_pkey; Type: CONSTRAINT; Schema: public; Owner: postgres
--

ALTER TABLE ONLY public.ai_assistant_knowledgeshare
    ADD CONSTRAINT ai_knowledge_share_pkey PRIMARY KEY (id);


--
-- Name: ai_assistant_knowledgeshare ai_knowledge_share_share_token_fdd99bd7_uniq; Type: CONSTRAINT; Schema: public; Owner: postgres
--

ALTER TABLE ONLY public.ai_assistant_knowledgeshare
    ADD CONSTRAINT ai_knowledge_share_share_token_fdd99bd7_uniq UNIQUE (share_token);


--
-- Name: ai_assistant_weblink ai_weblinks_pkey; Type: CONSTRAINT; Schema: public; Owner: postgres
--

ALTER TABLE ONLY public.ai_assistant_weblink
    ADD CONSTRAINT ai_weblinks_pkey PRIMARY KEY (id);


--
-- Name: alerts alerts_pkey; Type: CONSTRAINT; Schema: public; Owner: postgres
--

ALTER TABLE ONLY public.alerts
    ADD CONSTRAINT alerts_pkey PRIMARY KEY (id);


--
-- Name: application_alerts application_alerts_pkey; Type: CONSTRAINT; Schema: public; Owner: postgres
--

ALTER TABLE ONLY public.application_alerts
    ADD CONSTRAINT application_alerts_pkey PRIMARY KEY (id);


--
-- Name: application_metrics application_metrics_pkey; Type: CONSTRAINT; Schema: public; Owner: postgres
--

ALTER TABLE ONLY public.application_metrics
    ADD CONSTRAINT application_metrics_pkey PRIMARY KEY (id);


--
-- Name: applications applications_name_system_id_0d457978_uniq; Type: CONSTRAINT; Schema: public; Owner: postgres
--

ALTER TABLE ONLY public.applications
    ADD CONSTRAINT applications_name_system_id_0d457978_uniq UNIQUE (name, system_id);


--
-- Name: applications applications_pkey; Type: CONSTRAINT; Schema: public; Owner: postgres
--

ALTER TABLE ONLY public.applications
    ADD CONSTRAINT applications_pkey PRIMARY KEY (id);


--
-- Name: auth_group auth_group_name_key; Type: CONSTRAINT; Schema: public; Owner: postgres
--

ALTER TABLE ONLY public.auth_group
    ADD CONSTRAINT auth_group_name_key UNIQUE (name);


--
-- Name: auth_group_permissions auth_group_permissions_group_id_permission_id_0cd325b0_uniq; Type: CONSTRAINT; Schema: public; Owner: postgres
--

ALTER TABLE ONLY public.auth_group_permissions
    ADD CONSTRAINT auth_group_permissions_group_id_permission_id_0cd325b0_uniq UNIQUE (group_id, permission_id);


--
-- Name: auth_group_permissions auth_group_permissions_pkey; Type: CONSTRAINT; Schema: public; Owner: postgres
--

ALTER TABLE ONLY public.auth_group_permissions
    ADD CONSTRAINT auth_group_permissions_pkey PRIMARY KEY (id);


--
-- Name: auth_group auth_group_pkey; Type: CONSTRAINT; Schema: public; Owner: postgres
--

ALTER TABLE ONLY public.auth_group
    ADD CONSTRAINT auth_group_pkey PRIMARY KEY (id);


--
-- Name: auth_permission auth_permission_content_type_id_codename_01ab375a_uniq; Type: CONSTRAINT; Schema: public; Owner: postgres
--

ALTER TABLE ONLY public.auth_permission
    ADD CONSTRAINT auth_permission_content_type_id_codename_01ab375a_uniq UNIQUE (content_type_id, codename);


--
-- Name: auth_permission auth_permission_pkey; Type: CONSTRAINT; Schema: public; Owner: postgres
--

ALTER TABLE ONLY public.auth_permission
    ADD CONSTRAINT auth_permission_pkey PRIMARY KEY (id);


--
-- Name: database_backups database_backups_pkey; Type: CONSTRAINT; Schema: public; Owner: postgres
--

ALTER TABLE ONLY public.database_backups
    ADD CONSTRAINT database_backups_pkey PRIMARY KEY (id);


--
-- Name: database_metrics database_metrics_pkey; Type: CONSTRAINT; Schema: public; Owner: postgres
--

ALTER TABLE ONLY public.database_metrics
    ADD CONSTRAINT database_metrics_pkey PRIMARY KEY (id);


--
-- Name: django_admin_log django_admin_log_pkey; Type: CONSTRAINT; Schema: public; Owner: postgres
--

ALTER TABLE ONLY public.django_admin_log
    ADD CONSTRAINT django_admin_log_pkey PRIMARY KEY (id);


--
-- Name: django_content_type django_content_type_app_label_model_76bd3d3b_uniq; Type: CONSTRAINT; Schema: public; Owner: postgres
--

ALTER TABLE ONLY public.django_content_type
    ADD CONSTRAINT django_content_type_app_label_model_76bd3d3b_uniq UNIQUE (app_label, model);


--
-- Name: django_content_type django_content_type_pkey; Type: CONSTRAINT; Schema: public; Owner: postgres
--

ALTER TABLE ONLY public.django_content_type
    ADD CONSTRAINT django_content_type_pkey PRIMARY KEY (id);


--
-- Name: django_migrations django_migrations_pkey; Type: CONSTRAINT; Schema: public; Owner: postgres
--

ALTER TABLE ONLY public.django_migrations
    ADD CONSTRAINT django_migrations_pkey PRIMARY KEY (id);


--
-- Name: django_session django_session_pkey; Type: CONSTRAINT; Schema: public; Owner: postgres
--

ALTER TABLE ONLY public.django_session
    ADD CONSTRAINT django_session_pkey PRIMARY KEY (session_key);


--
-- Name: ai_assistant_documentchunk document_chunks_pkey; Type: CONSTRAINT; Schema: public; Owner: postgres
--

ALTER TABLE ONLY public.ai_assistant_documentchunk
    ADD CONSTRAINT document_chunks_pkey PRIMARY KEY (id);


--
-- Name: log_entries log_entries_pkey; Type: CONSTRAINT; Schema: public; Owner: postgres
--

ALTER TABLE ONLY public.log_entries
    ADD CONSTRAINT log_entries_pkey PRIMARY KEY (id);


--
-- Name: maintenance_schedules maintenance_schedules_pkey; Type: CONSTRAINT; Schema: public; Owner: postgres
--

ALTER TABLE ONLY public.maintenance_schedules
    ADD CONSTRAINT maintenance_schedules_pkey PRIMARY KEY (id);


--
-- Name: maintenance_tasks maintenance_tasks_pkey; Type: CONSTRAINT; Schema: public; Owner: postgres
--

ALTER TABLE ONLY public.maintenance_tasks
    ADD CONSTRAINT maintenance_tasks_pkey PRIMARY KEY (id);


--
-- Name: maintenance_tasks_systems maintenance_tasks_system_maintenancetask_id_syste_57b65995_uniq; Type: CONSTRAINT; Schema: public; Owner: postgres
--

ALTER TABLE ONLY public.maintenance_tasks_systems
    ADD CONSTRAINT maintenance_tasks_system_maintenancetask_id_syste_57b65995_uniq UNIQUE (maintenancetask_id, system_id);


--
-- Name: maintenance_tasks_systems maintenance_tasks_systems_pkey; Type: CONSTRAINT; Schema: public; Owner: postgres
--

ALTER TABLE ONLY public.maintenance_tasks_systems
    ADD CONSTRAINT maintenance_tasks_systems_pkey PRIMARY KEY (id);


--
-- Name: network_connections network_connections_pkey; Type: CONSTRAINT; Schema: public; Owner: postgres
--

ALTER TABLE ONLY public.network_connections
    ADD CONSTRAINT network_connections_pkey PRIMARY KEY (id);


--
-- Name: performance_baselines performance_baselines_pkey; Type: CONSTRAINT; Schema: public; Owner: postgres
--

ALTER TABLE ONLY public.performance_baselines
    ADD CONSTRAINT performance_baselines_pkey PRIMARY KEY (id);


--
-- Name: roles roles_name_key; Type: CONSTRAINT; Schema: public; Owner: postgres
--

ALTER TABLE ONLY public.roles
    ADD CONSTRAINT roles_name_key UNIQUE (name);


--
-- Name: roles roles_pkey; Type: CONSTRAINT; Schema: public; Owner: postgres
--

ALTER TABLE ONLY public.roles
    ADD CONSTRAINT roles_pkey PRIMARY KEY (id);


--
-- Name: sql_queries sql_queries_pkey; Type: CONSTRAINT; Schema: public; Owner: postgres
--

ALTER TABLE ONLY public.sql_queries
    ADD CONSTRAINT sql_queries_pkey PRIMARY KEY (id);


--
-- Name: system_metrics system_metrics_pkey; Type: CONSTRAINT; Schema: public; Owner: postgres
--

ALTER TABLE ONLY public.system_metrics
    ADD CONSTRAINT system_metrics_pkey PRIMARY KEY (id);


--
-- Name: systems systems_hostname_key; Type: CONSTRAINT; Schema: public; Owner: postgres
--

ALTER TABLE ONLY public.systems
    ADD CONSTRAINT systems_hostname_key UNIQUE (hostname);


--
-- Name: systems systems_pkey; Type: CONSTRAINT; Schema: public; Owner: postgres
--

ALTER TABLE ONLY public.systems
    ADD CONSTRAINT systems_pkey PRIMARY KEY (id);


--
-- Name: user_roles user_roles_pkey; Type: CONSTRAINT; Schema: public; Owner: postgres
--

ALTER TABLE ONLY public.user_roles
    ADD CONSTRAINT user_roles_pkey PRIMARY KEY (id);


--
-- Name: user_roles user_roles_user_id_role_id_69bfd9a0_uniq; Type: CONSTRAINT; Schema: public; Owner: postgres
--

ALTER TABLE ONLY public.user_roles
    ADD CONSTRAINT user_roles_user_id_role_id_69bfd9a0_uniq UNIQUE (user_id, role_id);


--
-- Name: users users_employee_id_key; Type: CONSTRAINT; Schema: public; Owner: postgres
--

ALTER TABLE ONLY public.users
    ADD CONSTRAINT users_employee_id_key UNIQUE (employee_id);


--
-- Name: users_groups users_groups_pkey; Type: CONSTRAINT; Schema: public; Owner: postgres
--

ALTER TABLE ONLY public.users_groups
    ADD CONSTRAINT users_groups_pkey PRIMARY KEY (id);


--
-- Name: users_groups users_groups_user_id_group_id_fc7788e8_uniq; Type: CONSTRAINT; Schema: public; Owner: postgres
--

ALTER TABLE ONLY public.users_groups
    ADD CONSTRAINT users_groups_user_id_group_id_fc7788e8_uniq UNIQUE (user_id, group_id);


--
-- Name: users users_pkey; Type: CONSTRAINT; Schema: public; Owner: postgres
--

ALTER TABLE ONLY public.users
    ADD CONSTRAINT users_pkey PRIMARY KEY (id);


--
-- Name: users_user_permissions users_user_permissions_pkey; Type: CONSTRAINT; Schema: public; Owner: postgres
--

ALTER TABLE ONLY public.users_user_permissions
    ADD CONSTRAINT users_user_permissions_pkey PRIMARY KEY (id);


--
-- Name: users_user_permissions users_user_permissions_user_id_permission_id_3b86cbdf_uniq; Type: CONSTRAINT; Schema: public; Owner: postgres
--

ALTER TABLE ONLY public.users_user_permissions
    ADD CONSTRAINT users_user_permissions_user_id_permission_id_3b86cbdf_uniq UNIQUE (user_id, permission_id);


--
-- Name: users users_username_key; Type: CONSTRAINT; Schema: public; Owner: postgres
--

ALTER TABLE ONLY public.users
    ADD CONSTRAINT users_username_key UNIQUE (username);


--
-- Name: ai_assistant_documentchunk_uploaded_file_id_4f621e8c; Type: INDEX; Schema: public; Owner: postgres
--

CREATE INDEX ai_assistant_documentchunk_uploaded_file_id_4f621e8c ON public.ai_assistant_documentchunk USING btree (uploaded_file_id);


--
-- Name: ai_assistant_documentfile_uploaded_by_id_50691ab7; Type: INDEX; Schema: public; Owner: postgres
--

CREATE INDEX ai_assistant_documentfile_uploaded_by_id_50691ab7 ON public.ai_assistant_documentfile USING btree (uploaded_by_id);


--
-- Name: ai_assistant_pdfdocument_uploaded_by_id_83fcb15f; Type: INDEX; Schema: public; Owner: postgres
--

CREATE INDEX ai_assistant_pdfdocument_uploaded_by_id_83fcb15f ON public.ai_assistant_pdfdocument USING btree (uploaded_by_id);


--
-- Name: ai_assistant_queryhistory_user_id_7b58e6c8; Type: INDEX; Schema: public; Owner: postgres
--

CREATE INDEX ai_assistant_queryhistory_user_id_7b58e6c8 ON public.ai_assistant_queryhistory USING btree (user_id);


--
-- Name: ai_assistant_uploadedfile_file_hash_df61b4ea_like; Type: INDEX; Schema: public; Owner: postgres
--

CREATE INDEX ai_assistant_uploadedfile_file_hash_df61b4ea_like ON public.ai_assistant_uploadedfile USING btree (file_hash varchar_pattern_ops);


--
-- Name: ai_assistant_uploadedfile_uploaded_by_id_4c4065e3; Type: INDEX; Schema: public; Owner: postgres
--

CREATE INDEX ai_assistant_uploadedfile_uploaded_by_id_4c4065e3 ON public.ai_assistant_uploadedfile USING btree (uploaded_by_id);


--
-- Name: ai_knowledge_share_created_by_id_b85e83ae; Type: INDEX; Schema: public; Owner: postgres
--

CREATE INDEX ai_knowledge_share_created_by_id_b85e83ae ON public.ai_assistant_knowledgeshare USING btree (created_by_id);


--
-- Name: ai_knowledge_share_share_token_fdd99bd7_like; Type: INDEX; Schema: public; Owner: postgres
--

CREATE INDEX ai_knowledge_share_share_token_fdd99bd7_like ON public.ai_assistant_knowledgeshare USING btree (share_token varchar_pattern_ops);


--
-- Name: ai_weblinks_added_by_id_d34fcd25; Type: INDEX; Schema: public; Owner: postgres
--

CREATE INDEX ai_weblinks_added_by_id_d34fcd25 ON public.ai_assistant_weblink USING btree (added_by_id);


--
-- Name: alerts_acknowledged_by_id_8dd9034a; Type: INDEX; Schema: public; Owner: postgres
--

CREATE INDEX alerts_acknowledged_by_id_8dd9034a ON public.alerts USING btree (acknowledged_by_id);


--
-- Name: alerts_created_965da5_idx; Type: INDEX; Schema: public; Owner: postgres
--

CREATE INDEX alerts_created_965da5_idx ON public.alerts USING btree (created_at);


--
-- Name: alerts_resolved_by_id_408e129f; Type: INDEX; Schema: public; Owner: postgres
--

CREATE INDEX alerts_resolved_by_id_408e129f ON public.alerts USING btree (resolved_by_id);


--
-- Name: alerts_severit_ae6d4c_idx; Type: INDEX; Schema: public; Owner: postgres
--

CREATE INDEX alerts_severit_ae6d4c_idx ON public.alerts USING btree (severity, status);


--
-- Name: alerts_system__d712b9_idx; Type: INDEX; Schema: public; Owner: postgres
--

CREATE INDEX alerts_system__d712b9_idx ON public.alerts USING btree (system_id, status);


--
-- Name: alerts_system_id_24ce78fe; Type: INDEX; Schema: public; Owner: postgres
--

CREATE INDEX alerts_system_id_24ce78fe ON public.alerts USING btree (system_id);


--
-- Name: application_alerts_acknowledged_by_id_476891ce; Type: INDEX; Schema: public; Owner: postgres
--

CREATE INDEX application_alerts_acknowledged_by_id_476891ce ON public.application_alerts USING btree (acknowledged_by_id);


--
-- Name: application_alerts_application_id_325f4044; Type: INDEX; Schema: public; Owner: postgres
--

CREATE INDEX application_alerts_application_id_325f4044 ON public.application_alerts USING btree (application_id);


--
-- Name: application_alerts_resolved_by_id_ac743bab; Type: INDEX; Schema: public; Owner: postgres
--

CREATE INDEX application_alerts_resolved_by_id_ac743bab ON public.application_alerts USING btree (resolved_by_id);


--
-- Name: application_applica_25d5d9_idx; Type: INDEX; Schema: public; Owner: postgres
--

CREATE INDEX application_applica_25d5d9_idx ON public.application_metrics USING btree (application_id, "timestamp");


--
-- Name: application_applica_5d68e7_idx; Type: INDEX; Schema: public; Owner: postgres
--

CREATE INDEX application_applica_5d68e7_idx ON public.application_alerts USING btree (application_id, status);


--
-- Name: application_created_f0dff4_idx; Type: INDEX; Schema: public; Owner: postgres
--

CREATE INDEX application_created_f0dff4_idx ON public.application_alerts USING btree (created_at);


--
-- Name: application_fingerp_097442_idx; Type: INDEX; Schema: public; Owner: postgres
--

CREATE INDEX application_fingerp_097442_idx ON public.application_alerts USING btree (fingerprint);


--
-- Name: application_metrics_application_id_e2516a01; Type: INDEX; Schema: public; Owner: postgres
--

CREATE INDEX application_metrics_application_id_e2516a01 ON public.application_metrics USING btree (application_id);


--
-- Name: application_severit_fb9e1d_idx; Type: INDEX; Schema: public; Owner: postgres
--

CREATE INDEX application_severit_fb9e1d_idx ON public.application_alerts USING btree (severity, status);


--
-- Name: applications_system_id_8fc21e2a; Type: INDEX; Schema: public; Owner: postgres
--

CREATE INDEX applications_system_id_8fc21e2a ON public.applications USING btree (system_id);


--
-- Name: auth_group_name_a6ea08ec_like; Type: INDEX; Schema: public; Owner: postgres
--

CREATE INDEX auth_group_name_a6ea08ec_like ON public.auth_group USING btree (name varchar_pattern_ops);


--
-- Name: auth_group_permissions_group_id_b120cbf9; Type: INDEX; Schema: public; Owner: postgres
--

CREATE INDEX auth_group_permissions_group_id_b120cbf9 ON public.auth_group_permissions USING btree (group_id);


--
-- Name: auth_group_permissions_permission_id_84c5c92e; Type: INDEX; Schema: public; Owner: postgres
--

CREATE INDEX auth_group_permissions_permission_id_84c5c92e ON public.auth_group_permissions USING btree (permission_id);


--
-- Name: auth_permission_content_type_id_2f476e4b; Type: INDEX; Schema: public; Owner: postgres
--

CREATE INDEX auth_permission_content_type_id_2f476e4b ON public.auth_permission USING btree (content_type_id);


--
-- Name: database_ba_status_55d1b0_idx; Type: INDEX; Schema: public; Owner: postgres
--

CREATE INDEX database_ba_status_55d1b0_idx ON public.database_backups USING btree (status, started_at);


--
-- Name: database_ba_system__c41040_idx; Type: INDEX; Schema: public; Owner: postgres
--

CREATE INDEX database_ba_system__c41040_idx ON public.database_backups USING btree (system_id, started_at);


--
-- Name: database_backups_created_by_id_028e4c28; Type: INDEX; Schema: public; Owner: postgres
--

CREATE INDEX database_backups_created_by_id_028e4c28 ON public.database_backups USING btree (created_by_id);


--
-- Name: database_backups_system_id_7b01d5bb; Type: INDEX; Schema: public; Owner: postgres
--

CREATE INDEX database_backups_system_id_7b01d5bb ON public.database_backups USING btree (system_id);


--
-- Name: database_me_system__548c77_idx; Type: INDEX; Schema: public; Owner: postgres
--

CREATE INDEX database_me_system__548c77_idx ON public.database_metrics USING btree (system_id, "timestamp");


--
-- Name: database_metrics_system_id_bb915093; Type: INDEX; Schema: public; Owner: postgres
--

CREATE INDEX database_metrics_system_id_bb915093 ON public.database_metrics USING btree (system_id);


--
-- Name: django_admin_log_content_type_id_c4bce8eb; Type: INDEX; Schema: public; Owner: postgres
--

CREATE INDEX django_admin_log_content_type_id_c4bce8eb ON public.django_admin_log USING btree (content_type_id);


--
-- Name: django_admin_log_user_id_c564eba6; Type: INDEX; Schema: public; Owner: postgres
--

CREATE INDEX django_admin_log_user_id_c564eba6 ON public.django_admin_log USING btree (user_id);


--
-- Name: django_session_expire_date_a5c62663; Type: INDEX; Schema: public; Owner: postgres
--

CREATE INDEX django_session_expire_date_a5c62663 ON public.django_session USING btree (expire_date);


--
-- Name: django_session_session_key_c0390e0f_like; Type: INDEX; Schema: public; Owner: postgres
--

CREATE INDEX django_session_session_key_c0390e0f_like ON public.django_session USING btree (session_key varchar_pattern_ops);


--
-- Name: log_entries_level_84d8fc_idx; Type: INDEX; Schema: public; Owner: postgres
--

CREATE INDEX log_entries_level_84d8fc_idx ON public.log_entries USING btree (level, "timestamp");


--
-- Name: log_entries_source_0b54ab_idx; Type: INDEX; Schema: public; Owner: postgres
--

CREATE INDEX log_entries_source_0b54ab_idx ON public.log_entries USING btree (source, "timestamp");


--
-- Name: log_entries_system__ef8e2d_idx; Type: INDEX; Schema: public; Owner: postgres
--

CREATE INDEX log_entries_system__ef8e2d_idx ON public.log_entries USING btree (system_id, "timestamp");


--
-- Name: log_entries_system_id_dc2bcc10; Type: INDEX; Schema: public; Owner: postgres
--

CREATE INDEX log_entries_system_id_dc2bcc10 ON public.log_entries USING btree (system_id);


--
-- Name: maintenance_assigne_e1fbe6_idx; Type: INDEX; Schema: public; Owner: postgres
--

CREATE INDEX maintenance_assigne_e1fbe6_idx ON public.maintenance_tasks USING btree (assigned_to_id, status);


--
-- Name: maintenance_priorit_5ad31e_idx; Type: INDEX; Schema: public; Owner: postgres
--

CREATE INDEX maintenance_priorit_5ad31e_idx ON public.maintenance_tasks USING btree (priority, status);


--
-- Name: maintenance_schedules_task_template_id_d95151d0; Type: INDEX; Schema: public; Owner: postgres
--

CREATE INDEX maintenance_schedules_task_template_id_d95151d0 ON public.maintenance_schedules USING btree (task_template_id);


--
-- Name: maintenance_status_a04449_idx; Type: INDEX; Schema: public; Owner: postgres
--

CREATE INDEX maintenance_status_a04449_idx ON public.maintenance_tasks USING btree (status, scheduled_date);


--
-- Name: maintenance_tasks_assigned_to_id_a3f853a5; Type: INDEX; Schema: public; Owner: postgres
--

CREATE INDEX maintenance_tasks_assigned_to_id_a3f853a5 ON public.maintenance_tasks USING btree (assigned_to_id);


--
-- Name: maintenance_tasks_created_by_id_5e904183; Type: INDEX; Schema: public; Owner: postgres
--

CREATE INDEX maintenance_tasks_created_by_id_5e904183 ON public.maintenance_tasks USING btree (created_by_id);


--
-- Name: maintenance_tasks_systems_maintenancetask_id_887dbd74; Type: INDEX; Schema: public; Owner: postgres
--

CREATE INDEX maintenance_tasks_systems_maintenancetask_id_887dbd74 ON public.maintenance_tasks_systems USING btree (maintenancetask_id);


--
-- Name: maintenance_tasks_systems_system_id_43cf2627; Type: INDEX; Schema: public; Owner: postgres
--

CREATE INDEX maintenance_tasks_systems_system_id_43cf2627 ON public.maintenance_tasks_systems USING btree (system_id);


--
-- Name: network_con_protoco_625d38_idx; Type: INDEX; Schema: public; Owner: postgres
--

CREATE INDEX network_con_protoco_625d38_idx ON public.network_connections USING btree (protocol, status);


--
-- Name: network_con_system__5a51b2_idx; Type: INDEX; Schema: public; Owner: postgres
--

CREATE INDEX network_con_system__5a51b2_idx ON public.network_connections USING btree (system_id, "timestamp");


--
-- Name: network_connections_system_id_baabf121; Type: INDEX; Schema: public; Owner: postgres
--

CREATE INDEX network_connections_system_id_baabf121 ON public.network_connections USING btree (system_id);


--
-- Name: performance_baselines_system_id_e6cefa40; Type: INDEX; Schema: public; Owner: postgres
--

CREATE INDEX performance_baselines_system_id_e6cefa40 ON public.performance_baselines USING btree (system_id);


--
-- Name: roles_name_51259447_like; Type: INDEX; Schema: public; Owner: postgres
--

CREATE INDEX roles_name_51259447_like ON public.roles USING btree (name varchar_pattern_ops);


--
-- Name: sql_queries_executi_ec7a5f_idx; Type: INDEX; Schema: public; Owner: postgres
--

CREATE INDEX sql_queries_executi_ec7a5f_idx ON public.sql_queries USING btree (execution_time);


--
-- Name: sql_queries_query_t_2b5f74_idx; Type: INDEX; Schema: public; Owner: postgres
--

CREATE INDEX sql_queries_query_t_2b5f74_idx ON public.sql_queries USING btree (query_type, "timestamp");


--
-- Name: sql_queries_system__5caef5_idx; Type: INDEX; Schema: public; Owner: postgres
--

CREATE INDEX sql_queries_system__5caef5_idx ON public.sql_queries USING btree (system_id, "timestamp");


--
-- Name: sql_queries_system_id_377b0bde; Type: INDEX; Schema: public; Owner: postgres
--

CREATE INDEX sql_queries_system_id_377b0bde ON public.sql_queries USING btree (system_id);


--
-- Name: sql_queries_user_id_725a5f15; Type: INDEX; Schema: public; Owner: postgres
--

CREATE INDEX sql_queries_user_id_725a5f15 ON public.sql_queries USING btree (user_id);


--
-- Name: system_metr_system__4804bd_idx; Type: INDEX; Schema: public; Owner: postgres
--

CREATE INDEX system_metr_system__4804bd_idx ON public.system_metrics USING btree (system_id, "timestamp");


--
-- Name: system_metrics_system_id_e857e55c; Type: INDEX; Schema: public; Owner: postgres
--

CREATE INDEX system_metrics_system_id_e857e55c ON public.system_metrics USING btree (system_id);


--
-- Name: systems_hostname_da443be8_like; Type: INDEX; Schema: public; Owner: postgres
--

CREATE INDEX systems_hostname_da443be8_like ON public.systems USING btree (hostname varchar_pattern_ops);


--
-- Name: user_roles_assigned_by_id_a9db12d1; Type: INDEX; Schema: public; Owner: postgres
--

CREATE INDEX user_roles_assigned_by_id_a9db12d1 ON public.user_roles USING btree (assigned_by_id);


--
-- Name: user_roles_role_id_816a4486; Type: INDEX; Schema: public; Owner: postgres
--

CREATE INDEX user_roles_role_id_816a4486 ON public.user_roles USING btree (role_id);


--
-- Name: user_roles_user_id_9d9f8dbb; Type: INDEX; Schema: public; Owner: postgres
--

CREATE INDEX user_roles_user_id_9d9f8dbb ON public.user_roles USING btree (user_id);


--
-- Name: users_employee_id_7c8e0276_like; Type: INDEX; Schema: public; Owner: postgres
--

CREATE INDEX users_employee_id_7c8e0276_like ON public.users USING btree (employee_id varchar_pattern_ops);


--
-- Name: users_groups_group_id_2f3517aa; Type: INDEX; Schema: public; Owner: postgres
--

CREATE INDEX users_groups_group_id_2f3517aa ON public.users_groups USING btree (group_id);


--
-- Name: users_groups_user_id_f500bee5; Type: INDEX; Schema: public; Owner: postgres
--

CREATE INDEX users_groups_user_id_f500bee5 ON public.users_groups USING btree (user_id);


--
-- Name: users_user_permissions_permission_id_6d08dcd2; Type: INDEX; Schema: public; Owner: postgres
--

CREATE INDEX users_user_permissions_permission_id_6d08dcd2 ON public.users_user_permissions USING btree (permission_id);


--
-- Name: users_user_permissions_user_id_92473840; Type: INDEX; Schema: public; Owner: postgres
--

CREATE INDEX users_user_permissions_user_id_92473840 ON public.users_user_permissions USING btree (user_id);


--
-- Name: users_username_e8658fc8_like; Type: INDEX; Schema: public; Owner: postgres
--

CREATE INDEX users_username_e8658fc8_like ON public.users USING btree (username varchar_pattern_ops);


--
-- Name: ai_assistant_documentchunk ai_assistant_documen_uploaded_file_id_4f621e8c_fk_ai_assist; Type: FK CONSTRAINT; Schema: public; Owner: postgres
--

ALTER TABLE ONLY public.ai_assistant_documentchunk
    ADD CONSTRAINT ai_assistant_documen_uploaded_file_id_4f621e8c_fk_ai_assist FOREIGN KEY (uploaded_file_id) REFERENCES public.ai_assistant_uploadedfile(id) DEFERRABLE INITIALLY DEFERRED;


--
-- Name: ai_assistant_documentfile ai_assistant_documentfile_uploaded_by_id_50691ab7_fk_users_id; Type: FK CONSTRAINT; Schema: public; Owner: postgres
--

ALTER TABLE ONLY public.ai_assistant_documentfile
    ADD CONSTRAINT ai_assistant_documentfile_uploaded_by_id_50691ab7_fk_users_id FOREIGN KEY (uploaded_by_id) REFERENCES public.users(id) DEFERRABLE INITIALLY DEFERRED;


--
-- Name: ai_assistant_pdfdocument ai_assistant_pdfdocument_uploaded_by_id_83fcb15f_fk_users_id; Type: FK CONSTRAINT; Schema: public; Owner: postgres
--

ALTER TABLE ONLY public.ai_assistant_pdfdocument
    ADD CONSTRAINT ai_assistant_pdfdocument_uploaded_by_id_83fcb15f_fk_users_id FOREIGN KEY (uploaded_by_id) REFERENCES public.users(id) DEFERRABLE INITIALLY DEFERRED;


--
-- Name: ai_assistant_queryhistory ai_assistant_queryhistory_user_id_7b58e6c8_fk_users_id; Type: FK CONSTRAINT; Schema: public; Owner: postgres
--

ALTER TABLE ONLY public.ai_assistant_queryhistory
    ADD CONSTRAINT ai_assistant_queryhistory_user_id_7b58e6c8_fk_users_id FOREIGN KEY (user_id) REFERENCES public.users(id) DEFERRABLE INITIALLY DEFERRED;


--
-- Name: ai_assistant_uploadedfile ai_assistant_uploadedfile_uploaded_by_id_4c4065e3_fk_users_id; Type: FK CONSTRAINT; Schema: public; Owner: postgres
--

ALTER TABLE ONLY public.ai_assistant_uploadedfile
    ADD CONSTRAINT ai_assistant_uploadedfile_uploaded_by_id_4c4065e3_fk_users_id FOREIGN KEY (uploaded_by_id) REFERENCES public.users(id) DEFERRABLE INITIALLY DEFERRED;


--
-- Name: ai_assistant_knowledgeshare ai_knowledge_share_created_by_id_b85e83ae_fk_users_id; Type: FK CONSTRAINT; Schema: public; Owner: postgres
--

ALTER TABLE ONLY public.ai_assistant_knowledgeshare
    ADD CONSTRAINT ai_knowledge_share_created_by_id_b85e83ae_fk_users_id FOREIGN KEY (created_by_id) REFERENCES public.users(id) DEFERRABLE INITIALLY DEFERRED;


--
-- Name: ai_assistant_weblink ai_weblinks_added_by_id_d34fcd25_fk_users_id; Type: FK CONSTRAINT; Schema: public; Owner: postgres
--

ALTER TABLE ONLY public.ai_assistant_weblink
    ADD CONSTRAINT ai_weblinks_added_by_id_d34fcd25_fk_users_id FOREIGN KEY (added_by_id) REFERENCES public.users(id) DEFERRABLE INITIALLY DEFERRED;


--
-- Name: alerts alerts_acknowledged_by_id_8dd9034a_fk_users_id; Type: FK CONSTRAINT; Schema: public; Owner: postgres
--

ALTER TABLE ONLY public.alerts
    ADD CONSTRAINT alerts_acknowledged_by_id_8dd9034a_fk_users_id FOREIGN KEY (acknowledged_by_id) REFERENCES public.users(id) DEFERRABLE INITIALLY DEFERRED;


--
-- Name: alerts alerts_resolved_by_id_408e129f_fk_users_id; Type: FK CONSTRAINT; Schema: public; Owner: postgres
--

ALTER TABLE ONLY public.alerts
    ADD CONSTRAINT alerts_resolved_by_id_408e129f_fk_users_id FOREIGN KEY (resolved_by_id) REFERENCES public.users(id) DEFERRABLE INITIALLY DEFERRED;


--
-- Name: alerts alerts_system_id_24ce78fe_fk_systems_id; Type: FK CONSTRAINT; Schema: public; Owner: postgres
--

ALTER TABLE ONLY public.alerts
    ADD CONSTRAINT alerts_system_id_24ce78fe_fk_systems_id FOREIGN KEY (system_id) REFERENCES public.systems(id) DEFERRABLE INITIALLY DEFERRED;


--
-- Name: application_alerts application_alerts_acknowledged_by_id_476891ce_fk_users_id; Type: FK CONSTRAINT; Schema: public; Owner: postgres
--

ALTER TABLE ONLY public.application_alerts
    ADD CONSTRAINT application_alerts_acknowledged_by_id_476891ce_fk_users_id FOREIGN KEY (acknowledged_by_id) REFERENCES public.users(id) DEFERRABLE INITIALLY DEFERRED;


--
-- Name: application_alerts application_alerts_application_id_325f4044_fk_applications_id; Type: FK CONSTRAINT; Schema: public; Owner: postgres
--

ALTER TABLE ONLY public.application_alerts
    ADD CONSTRAINT application_alerts_application_id_325f4044_fk_applications_id FOREIGN KEY (application_id) REFERENCES public.applications(id) DEFERRABLE INITIALLY DEFERRED;


--
-- Name: application_alerts application_alerts_resolved_by_id_ac743bab_fk_users_id; Type: FK CONSTRAINT; Schema: public; Owner: postgres
--

ALTER TABLE ONLY public.application_alerts
    ADD CONSTRAINT application_alerts_resolved_by_id_ac743bab_fk_users_id FOREIGN KEY (resolved_by_id) REFERENCES public.users(id) DEFERRABLE INITIALLY DEFERRED;


--
-- Name: application_metrics application_metrics_application_id_e2516a01_fk_applications_id; Type: FK CONSTRAINT; Schema: public; Owner: postgres
--

ALTER TABLE ONLY public.application_metrics
    ADD CONSTRAINT application_metrics_application_id_e2516a01_fk_applications_id FOREIGN KEY (application_id) REFERENCES public.applications(id) DEFERRABLE INITIALLY DEFERRED;


--
-- Name: applications applications_system_id_8fc21e2a_fk_systems_id; Type: FK CONSTRAINT; Schema: public; Owner: postgres
--

ALTER TABLE ONLY public.applications
    ADD CONSTRAINT applications_system_id_8fc21e2a_fk_systems_id FOREIGN KEY (system_id) REFERENCES public.systems(id) DEFERRABLE INITIALLY DEFERRED;


--
-- Name: auth_group_permissions auth_group_permissio_permission_id_84c5c92e_fk_auth_perm; Type: FK CONSTRAINT; Schema: public; Owner: postgres
--

ALTER TABLE ONLY public.auth_group_permissions
    ADD CONSTRAINT auth_group_permissio_permission_id_84c5c92e_fk_auth_perm FOREIGN KEY (permission_id) REFERENCES public.auth_permission(id) DEFERRABLE INITIALLY DEFERRED;


--
-- Name: auth_group_permissions auth_group_permissions_group_id_b120cbf9_fk_auth_group_id; Type: FK CONSTRAINT; Schema: public; Owner: postgres
--

ALTER TABLE ONLY public.auth_group_permissions
    ADD CONSTRAINT auth_group_permissions_group_id_b120cbf9_fk_auth_group_id FOREIGN KEY (group_id) REFERENCES public.auth_group(id) DEFERRABLE INITIALLY DEFERRED;


--
-- Name: auth_permission auth_permission_content_type_id_2f476e4b_fk_django_co; Type: FK CONSTRAINT; Schema: public; Owner: postgres
--

ALTER TABLE ONLY public.auth_permission
    ADD CONSTRAINT auth_permission_content_type_id_2f476e4b_fk_django_co FOREIGN KEY (content_type_id) REFERENCES public.django_content_type(id) DEFERRABLE INITIALLY DEFERRED;


--
-- Name: database_backups database_backups_created_by_id_028e4c28_fk_users_id; Type: FK CONSTRAINT; Schema: public; Owner: postgres
--

ALTER TABLE ONLY public.database_backups
    ADD CONSTRAINT database_backups_created_by_id_028e4c28_fk_users_id FOREIGN KEY (created_by_id) REFERENCES public.users(id) DEFERRABLE INITIALLY DEFERRED;


--
-- Name: database_backups database_backups_system_id_7b01d5bb_fk_systems_id; Type: FK CONSTRAINT; Schema: public; Owner: postgres
--

ALTER TABLE ONLY public.database_backups
    ADD CONSTRAINT database_backups_system_id_7b01d5bb_fk_systems_id FOREIGN KEY (system_id) REFERENCES public.systems(id) DEFERRABLE INITIALLY DEFERRED;


--
-- Name: database_metrics database_metrics_system_id_bb915093_fk_systems_id; Type: FK CONSTRAINT; Schema: public; Owner: postgres
--

ALTER TABLE ONLY public.database_metrics
    ADD CONSTRAINT database_metrics_system_id_bb915093_fk_systems_id FOREIGN KEY (system_id) REFERENCES public.systems(id) DEFERRABLE INITIALLY DEFERRED;


--
-- Name: django_admin_log django_admin_log_content_type_id_c4bce8eb_fk_django_co; Type: FK CONSTRAINT; Schema: public; Owner: postgres
--

ALTER TABLE ONLY public.django_admin_log
    ADD CONSTRAINT django_admin_log_content_type_id_c4bce8eb_fk_django_co FOREIGN KEY (content_type_id) REFERENCES public.django_content_type(id) DEFERRABLE INITIALLY DEFERRED;


--
-- Name: django_admin_log django_admin_log_user_id_c564eba6_fk_users_id; Type: FK CONSTRAINT; Schema: public; Owner: postgres
--

ALTER TABLE ONLY public.django_admin_log
    ADD CONSTRAINT django_admin_log_user_id_c564eba6_fk_users_id FOREIGN KEY (user_id) REFERENCES public.users(id) DEFERRABLE INITIALLY DEFERRED;


--
-- Name: log_entries log_entries_system_id_dc2bcc10_fk_systems_id; Type: FK CONSTRAINT; Schema: public; Owner: postgres
--

ALTER TABLE ONLY public.log_entries
    ADD CONSTRAINT log_entries_system_id_dc2bcc10_fk_systems_id FOREIGN KEY (system_id) REFERENCES public.systems(id) DEFERRABLE INITIALLY DEFERRED;


--
-- Name: maintenance_schedules maintenance_schedule_task_template_id_d95151d0_fk_maintenan; Type: FK CONSTRAINT; Schema: public; Owner: postgres
--

ALTER TABLE ONLY public.maintenance_schedules
    ADD CONSTRAINT maintenance_schedule_task_template_id_d95151d0_fk_maintenan FOREIGN KEY (task_template_id) REFERENCES public.maintenance_tasks(id) DEFERRABLE INITIALLY DEFERRED;


--
-- Name: maintenance_tasks maintenance_tasks_assigned_to_id_a3f853a5_fk_users_id; Type: FK CONSTRAINT; Schema: public; Owner: postgres
--

ALTER TABLE ONLY public.maintenance_tasks
    ADD CONSTRAINT maintenance_tasks_assigned_to_id_a3f853a5_fk_users_id FOREIGN KEY (assigned_to_id) REFERENCES public.users(id) DEFERRABLE INITIALLY DEFERRED;


--
-- Name: maintenance_tasks maintenance_tasks_created_by_id_5e904183_fk_users_id; Type: FK CONSTRAINT; Schema: public; Owner: postgres
--

ALTER TABLE ONLY public.maintenance_tasks
    ADD CONSTRAINT maintenance_tasks_created_by_id_5e904183_fk_users_id FOREIGN KEY (created_by_id) REFERENCES public.users(id) DEFERRABLE INITIALLY DEFERRED;


--
-- Name: maintenance_tasks_systems maintenance_tasks_sy_maintenancetask_id_887dbd74_fk_maintenan; Type: FK CONSTRAINT; Schema: public; Owner: postgres
--

ALTER TABLE ONLY public.maintenance_tasks_systems
    ADD CONSTRAINT maintenance_tasks_sy_maintenancetask_id_887dbd74_fk_maintenan FOREIGN KEY (maintenancetask_id) REFERENCES public.maintenance_tasks(id) DEFERRABLE INITIALLY DEFERRED;


--
-- Name: maintenance_tasks_systems maintenance_tasks_systems_system_id_43cf2627_fk_systems_id; Type: FK CONSTRAINT; Schema: public; Owner: postgres
--

ALTER TABLE ONLY public.maintenance_tasks_systems
    ADD CONSTRAINT maintenance_tasks_systems_system_id_43cf2627_fk_systems_id FOREIGN KEY (system_id) REFERENCES public.systems(id) DEFERRABLE INITIALLY DEFERRED;


--
-- Name: network_connections network_connections_system_id_baabf121_fk_systems_id; Type: FK CONSTRAINT; Schema: public; Owner: postgres
--

ALTER TABLE ONLY public.network_connections
    ADD CONSTRAINT network_connections_system_id_baabf121_fk_systems_id FOREIGN KEY (system_id) REFERENCES public.systems(id) DEFERRABLE INITIALLY DEFERRED;


--
-- Name: performance_baselines performance_baselines_system_id_e6cefa40_fk_systems_id; Type: FK CONSTRAINT; Schema: public; Owner: postgres
--

ALTER TABLE ONLY public.performance_baselines
    ADD CONSTRAINT performance_baselines_system_id_e6cefa40_fk_systems_id FOREIGN KEY (system_id) REFERENCES public.systems(id) DEFERRABLE INITIALLY DEFERRED;


--
-- Name: sql_queries sql_queries_system_id_377b0bde_fk_systems_id; Type: FK CONSTRAINT; Schema: public; Owner: postgres
--

ALTER TABLE ONLY public.sql_queries
    ADD CONSTRAINT sql_queries_system_id_377b0bde_fk_systems_id FOREIGN KEY (system_id) REFERENCES public.systems(id) DEFERRABLE INITIALLY DEFERRED;


--
-- Name: sql_queries sql_queries_user_id_725a5f15_fk_users_id; Type: FK CONSTRAINT; Schema: public; Owner: postgres
--

ALTER TABLE ONLY public.sql_queries
    ADD CONSTRAINT sql_queries_user_id_725a5f15_fk_users_id FOREIGN KEY (user_id) REFERENCES public.users(id) DEFERRABLE INITIALLY DEFERRED;


--
-- Name: system_metrics system_metrics_system_id_e857e55c_fk_systems_id; Type: FK CONSTRAINT; Schema: public; Owner: postgres
--

ALTER TABLE ONLY public.system_metrics
    ADD CONSTRAINT system_metrics_system_id_e857e55c_fk_systems_id FOREIGN KEY (system_id) REFERENCES public.systems(id) DEFERRABLE INITIALLY DEFERRED;


--
-- Name: user_roles user_roles_assigned_by_id_a9db12d1_fk_users_id; Type: FK CONSTRAINT; Schema: public; Owner: postgres
--

ALTER TABLE ONLY public.user_roles
    ADD CONSTRAINT user_roles_assigned_by_id_a9db12d1_fk_users_id FOREIGN KEY (assigned_by_id) REFERENCES public.users(id) DEFERRABLE INITIALLY DEFERRED;


--
-- Name: user_roles user_roles_role_id_816a4486_fk_roles_id; Type: FK CONSTRAINT; Schema: public; Owner: postgres
--

ALTER TABLE ONLY public.user_roles
    ADD CONSTRAINT user_roles_role_id_816a4486_fk_roles_id FOREIGN KEY (role_id) REFERENCES public.roles(id) DEFERRABLE INITIALLY DEFERRED;


--
-- Name: user_roles user_roles_user_id_9d9f8dbb_fk_users_id; Type: FK CONSTRAINT; Schema: public; Owner: postgres
--

ALTER TABLE ONLY public.user_roles
    ADD CONSTRAINT user_roles_user_id_9d9f8dbb_fk_users_id FOREIGN KEY (user_id) REFERENCES public.users(id) DEFERRABLE INITIALLY DEFERRED;


--
-- Name: users_groups users_groups_group_id_2f3517aa_fk_auth_group_id; Type: FK CONSTRAINT; Schema: public; Owner: postgres
--

ALTER TABLE ONLY public.users_groups
    ADD CONSTRAINT users_groups_group_id_2f3517aa_fk_auth_group_id FOREIGN KEY (group_id) REFERENCES public.auth_group(id) DEFERRABLE INITIALLY DEFERRED;


--
-- Name: users_groups users_groups_user_id_f500bee5_fk_users_id; Type: FK CONSTRAINT; Schema: public; Owner: postgres
--

ALTER TABLE ONLY public.users_groups
    ADD CONSTRAINT users_groups_user_id_f500bee5_fk_users_id FOREIGN KEY (user_id) REFERENCES public.users(id) DEFERRABLE INITIALLY DEFERRED;


--
-- Name: users_user_permissions users_user_permissio_permission_id_6d08dcd2_fk_auth_perm; Type: FK CONSTRAINT; Schema: public; Owner: postgres
--

ALTER TABLE ONLY public.users_user_permissions
    ADD CONSTRAINT users_user_permissio_permission_id_6d08dcd2_fk_auth_perm FOREIGN KEY (permission_id) REFERENCES public.auth_permission(id) DEFERRABLE INITIALLY DEFERRED;


--
-- Name: users_user_permissions users_user_permissions_user_id_92473840_fk_users_id; Type: FK CONSTRAINT; Schema: public; Owner: postgres
--

ALTER TABLE ONLY public.users_user_permissions
    ADD CONSTRAINT users_user_permissions_user_id_92473840_fk_users_id FOREIGN KEY (user_id) REFERENCES public.users(id) DEFERRABLE INITIALLY DEFERRED;


--
-- PostgreSQL database dump complete
--

\unrestrict 37SgLsgFcKQLiU53p5SQdqWauSjW3xv9Uf189iKpU0zUjmCvuaaqnREPbRlmwaK

